filename,title,url,equipment,fitness_goal,workout_type,gender,training_level,days_per_week
content__8-week-muscle-building-program-adults-40__4677fe1145.html,8-Week Muscle Building Program for Adults 40+ | Muscle & Strength,https://www.muscleandstrength.com/content/8-week-muscle-building-program-adults-40,fully equipped gym,muscle building,split,both,beginner,4
content__best-forearm-workout-strength-and-size__61ff44e287.html,The Best Forearm Workout for Strength and Size | Muscle & Strength,https://www.muscleandstrength.com/content/best-forearm-workout-strength-and-size,home / small gym,muscle building,single muscle group,both,beginner,2
workouts__10-minute-home-upper-body-workouts__a1c8bd2e1b.html,Three 10-Minute At Home Upper Body Workouts | Muscle & Strength,https://www.muscleandstrength.com/workouts/10-minute-home-upper-body-workouts,home / small gym,muscle building,split,both,beginner,3
workouts__10-minute-intense-abs-workout__f4fb483b16.html,10 Minute Intense Abs Workout | Muscle & Strength,https://www.muscleandstrength.com/workouts/10-minute-intense-abs-workout,home / small gym,muscle building,single muscle group,both,beginner,3
workouts__10-week-fat-torcher__f17e5017fc.html,10 Week Fat Torcher: Fat Burning Program,https://www.muscleandstrength.com/workouts/10-week-fat-torcher,fully equipped gym,fat loss,split,both,intermediate,7
workouts__12-week-ab-workout-for-ab-definition-and-core-strength__964610fa71.html,12 Week Ab Workout for Ab Definition & Core Strength,https://www.muscleandstrength.com/workouts/12-week-ab-workout-for-ab-definition-and-core-strength,fully equipped gym,muscle building,single muscle group,both,intermediate,4
workouts__12-week-beginners-training-routine.html__60253f8d82.html,12 Week Full Body Workout Routine for Beginners | Muscle & Strength,https://www.muscleandstrength.com/workouts/12-week-beginners-training-routine.html,fully equipped gym,muscle building,full body,both,beginner,3
workouts__12-week-build-bigger-bench__b816c959f1.html,12 Weeks To A Bigger Bench Press | Muscle & Strength,https://www.muscleandstrength.com/workouts/12-week-build-bigger-bench,fully equipped gym,strength,single muscle group,both,beginner,3
workouts__12-week-fat-annihilation-workout__65f5d61841.html,12 Week Total Fat Annihilation Workout Plan,https://www.muscleandstrength.com/workouts/12-week-fat-annihilation-workout,fully equipped gym,fat loss,split,both,advanced,4
workouts__12-week-fat-destroyer__7559ccac0a.html,12 Week Fat Destroyer: Complete Fat Loss Workout & Diet Program | Muscle & Strength,https://www.muscleandstrength.com/workouts/12-week-fat-destroyer,fully equipped gym,fat loss,full body,both,beginner,4
workouts__12-week-kettlebell-ab-workout__1247988cfe.html,Kettlebell Ab Workout: 12 Week Progression for Increased Core Strength | Muscle & Strength,https://www.muscleandstrength.com/workouts/12-week-kettlebell-ab-workout,home / small gym,strength,single muscle group,both,beginner,3
workouts__12-week-total-transformation-workout__1b2696ee40.html,Body Metamorphosis: 12 Week Transformation Workout to Help You Build Muscle,https://www.muscleandstrength.com/workouts/12-week-total-transformation-workout,fully equipped gym,muscle building,split,both,beginner,4
workouts__15-min-burner__6238f40298.html,The 15 Min Burner: 4 Day Fat Loss Workout Program,https://www.muscleandstrength.com/workouts/15-min-burner,home / small gym,fat loss,split,both,beginner,4
workouts__15-minute-core-conditioning-workout__46ec9adc20.html,15-Minute Core Conditioning Workout You Can Do Anywhere | Muscle & Strength,https://www.muscleandstrength.com/workouts/15-minute-core-conditioning-workout,body weight,general fitness,single muscle group,both,beginner,3
workouts__15-minute-total-body-beatdown__a3b14bd897.html,The 15 Minute Total Body Beatdown,https://www.muscleandstrength.com/workouts/15-minute-total-body-beatdown,home / small gym,muscle building,full body,both,intermediate,1
workouts__18-week-bench-press-peaking-cycle__b7d7c797e1.html,18 Week Bench Press Peaking Cycle | Muscle & Strength,https://www.muscleandstrength.com/workouts/18-week-bench-press-peaking-cycle,fully equipped gym,strength,single muscle group,both,intermediate,1
workouts__18-week-chin-up-dip-program-upper-body__25fd555c1c.html,18 Week Chin Up & Dip Program For An Impressive Upper Body | Muscle & Strength,https://www.muscleandstrength.com/workouts/18-week-chin-up-dip-program-upper-body,home / small gym,muscle building,single muscle group,both,beginner,4
workouts__19-muscle-size--shape-definition-workout.html__0943e3b573.html,"Muscle Size, Shape & Definition Workout | Muscle & Strength",https://www.muscleandstrength.com/workouts/19-muscle-size--shape-definition-workout.html,fully equipped gym,muscle building,split,both,advanced,5
workouts__2-at-home-circuit-workouts-for-women__be6ee9775d.html,Workouts for Women: 2 Bodyweight Circuits You Can Do at Home,https://www.muscleandstrength.com/workouts/2-at-home-circuit-workouts-for-women,body weight,fat loss,full body,both,beginner,3
workouts__2-day-intense-workout.html__beeb7dd88f.html,2 Day Intense Fat Loss & Muscle Tone Workout | Muscle & Strength,https://www.muscleandstrength.com/workouts/2-day-intense-workout.html,fully equipped gym,fat loss,full body,both,intermediate,2
workouts__2-day-simple-ab-split-by-steve.html__bb88f85080.html,2 Day Simple A/B Split by Steve | Muscle & Strength,https://www.muscleandstrength.com/workouts/2-day-simple-ab-split-by-steve.html,home / small gym,muscle building,full body,both,beginner,2
workouts__2-medicine-ball-full-body-workouts__873e45633a.html,Minimal Equipment Series: 2 Full Body Medicine Ball Workouts,https://www.muscleandstrength.com/workouts/2-medicine-ball-full-body-workouts,home / small gym,muscle building,full body,both,beginner,3
workouts__2-week-deload-program__baa27dd5d9.html,2-Week Deload Workout Program | Muscle & Strength,https://www.muscleandstrength.com/workouts/2-week-deload-program,fully equipped gym,general fitness,split,both,beginner,4
workouts__2-weekly-workouts-for-larger-legs__f69e6a19e7.html,2 Weekly Workouts for Larger Legs,https://www.muscleandstrength.com/workouts/2-weekly-workouts-for-larger-legs,fully equipped gym,muscle building,single muscle group,both,intermediate,2
workouts__2-workouts-to-help-grow-your-back__41ecb42ce2.html,2 Workouts To Help Grow Your Back in 8 Weeks,https://www.muscleandstrength.com/workouts/2-workouts-to-help-grow-your-back,fully equipped gym,muscle building,single muscle group,both,intermediate,1
workouts__20-6-day-weight-cardio-cutting-workout.html__05afe37b08.html,Fat Blaster: 6 Day Weight/Cardio Cutting Workout | Muscle & Strength,https://www.muscleandstrength.com/workouts/20-6-day-weight-cardio-cutting-workout.html,fully equipped gym,fat loss,split,both,intermediate,6
workouts__20-minute-at-home-full-body-workout__1fd139a856.html,20 Minute At Home Full Body Workout Program,https://www.muscleandstrength.com/workouts/20-minute-at-home-full-body-workout,home / small gym,fat loss,full body,both,beginner,3
workouts__20-minute-hiit-workout__aa14f9ddc2.html,20 Minute HIIT Workout You Can Do Anywhere | Muscle & Strength,https://www.muscleandstrength.com/workouts/20-minute-hiit-workout,body weight,fat loss,full body,both,beginner,2
workouts__2014-minutes-better-body-fast-start-plan__597516fa6c.html,2014 Minutes To A Better Body: 8 Week Fast Start Plan | Muscle & Strength,https://www.muscleandstrength.com/workouts/2014-minutes-better-body-fast-start-plan,home / small gym,muscle building,split,both,beginner,4
workouts__21-compound-exercises-only-workout.html__12effcd9e0.html,Compound Exercises Only Workout | Muscle & Strength,https://www.muscleandstrength.com/workouts/21-compound-exercises-only-workout.html,fully equipped gym,muscle building,split,both,intermediate,4
workouts__22-4-day-split-bodybuilding-split-routine.html__32b9a4f835.html,4 Day Split Bodybuilding Split Routine | Muscle & Strength,https://www.muscleandstrength.com/workouts/22-4-day-split-bodybuilding-split-routine.html,fully equipped gym,muscle building,split,both,advanced,4
workouts__23-doug--s-mega-cutting-routine.html__87fd1053da.html,Doug's 4 Day Mega Cutting Routine | Muscle & Strength,https://www.muscleandstrength.com/workouts/23-doug--s-mega-cutting-routine.html,fully equipped gym,fat loss,split,both,intermediate,4
workouts__25-doug--s-super-shredding-routine.html__21b74a0c10.html,5 Day Super Shredding Routine | Muscle & Strength,https://www.muscleandstrength.com/workouts/25-doug--s-super-shredding-routine.html,fully equipped gym,fat loss,split,both,intermediate,5
workouts__26-doug--s-6-day-cutting-routine.html__08a7d7e956.html,Doug's 6 Day Cutting Routine | Muscle & Strength,https://www.muscleandstrength.com/workouts/26-doug--s-6-day-cutting-routine.html,fully equipped gym,fat loss,split,both,advanced,6
workouts__27-home-based-ab-workout.html__06f231a1c1.html,Home-Based Ab Workout | Muscle & Strength,https://www.muscleandstrength.com/workouts/27-home-based-ab-workout.html,body weight,muscle building,single muscle group,both,beginner,3
workouts__28-plateau-busting-chest-workout.html__b30f5654fd.html,4 Week Plateau Busting Chest Workout | Muscle & Strength,https://www.muscleandstrength.com/workouts/28-plateau-busting-chest-workout.html,fully equipped gym,muscle building,single muscle group,both,advanced,1
workouts__29-ab-workout-to-increase-ab-size-.html__f514a8b553.html,Ab Workout To Increase Ab Size | Muscle & Strength,https://www.muscleandstrength.com/workouts/29-ab-workout-to-increase-ab-size-.html,fully equipped gym,muscle building,single muscle group,both,advanced,2
workouts__3-ab-workouts-build-8-pack__a3710dcc36.html,8 Pack Abs Workout: How To Get The Ultimate 8 Pack,https://www.muscleandstrength.com/workouts/3-ab-workouts-build-8-pack,home / small gym,general fitness,split,both,beginner,3
workouts__3-day-PPL-workout-for-beginners__e045c5080d.html,3 Day Push/Pull/Legs (PPL) Workout for Beginners | Muscle & Strength,https://www.muscleandstrength.com/workouts/3-day-PPL-workout-for-beginners,fully equipped gym,strength,split,both,beginner,3
workouts__3-day-full-body-dumbbell-workout__13d5fcc8fb.html,Dumbbell Only Workout: 3 Day Full Body Dumbbell Workout,https://www.muscleandstrength.com/workouts/3-day-full-body-dumbbell-workout,home / small gym,muscle building,full body,both,beginner,3
workouts__3-day-full-body-kettlebell-workout__8f50c0fafe.html,3 Day Full Body Beginner Kettlebell Workout,https://www.muscleandstrength.com/workouts/3-day-full-body-kettlebell-workout,home / small gym,muscle building,full body,both,beginner,3
workouts__3-day-full-body-workout-for-busy-people__a8b25486af.html,3 Day Full Body Workout for Busy People,https://www.muscleandstrength.com/workouts/3-day-full-body-workout-for-busy-people,home / small gym,muscle building,full body,both,beginner,3
workouts__3-day-fullbody-workout-alternative-tools.html__b033cbacbc.html,3 Day Fullbody Workout Using Alternative Tools | Muscle & Strength,https://www.muscleandstrength.com/workouts/3-day-fullbody-workout-alternative-tools.html,home / small gym,muscle building,full body,both,beginner,3
workouts__3-day-kettlebell-bodyweight__28f26715f8.html,3 Day Kettlebell and Bodyweight Workout | Muscle & Strength,https://www.muscleandstrength.com/workouts/3-day-kettlebell-bodyweight,home / small gym,fat loss,split,both,beginner,3
workouts__3-day-power-muscle-burn__53df2f3611.html,3 Day Power Muscle Burn Workout Split | Muscle & Strength,https://www.muscleandstrength.com/workouts/3-day-power-muscle-burn,fully equipped gym,muscle building,split,both,intermediate,3
workouts__3-day-total-body-sculpting-workout__161880a479.html,3 Day Total Body Sculpting Circuit Workout Routine,https://www.muscleandstrength.com/workouts/3-day-total-body-sculpting-workout,home / small gym,fat loss,full body,both,beginner,3
workouts__3-day-whole-body-toning-workout.html__bd2847b58b.html,3 Day Full Body Toning Workout for Women | Muscle & Strength,https://www.muscleandstrength.com/workouts/3-day-whole-body-toning-workout.html,fully equipped gym,muscle building,full body,both,intermediate,3
workouts__3-day-workout-routine-and-diet-for-beginners__1b4c09609d.html,3 Day Workout Routine and Diet for Beginners,https://www.muscleandstrength.com/workouts/3-day-workout-routine-and-diet-for-beginners,fully equipped gym,muscle building,full body,both,beginner,3
workouts__3-introduction-to-bodybuilding-workout.html__e5e8f7e9cb.html,Introduction To Bodybuilding Workout | Muscle & Strength,https://www.muscleandstrength.com/workouts/3-introduction-to-bodybuilding-workout.html,fully equipped gym,muscle building,full body,both,beginner,3
workouts__3-week-muscular-back-building__4c9a6ef9b0.html,3 Week Muscular Back Building Rotation | Muscle & Strength,https://www.muscleandstrength.com/workouts/3-week-muscular-back-building,fully equipped gym,muscle building,split,both,beginner,1
workouts__30-leg-growth-workout---3-week-cycle.html__9ffb158d63.html,Leg Growth Workout - 3 Week Cycle | Muscle & Strength,https://www.muscleandstrength.com/workouts/30-leg-growth-workout---3-week-cycle.html,fully equipped gym,muscle building,single muscle group,both,advanced,1
workouts__300-rise-new-you-workout-muscular-ripped__e23c217ff8.html,300 Workout: The Rise Of A New You! A Plan To Get Muscular & Ripped | Muscle & Strength,https://www.muscleandstrength.com/workouts/300-rise-new-you-workout-muscular-ripped,home / small gym,general fitness,full body,both,beginner,4
workouts__31-the-big-arm-routine.html__a284125c40.html,Plateau-Busting Big Arm Workout Routine | Muscle & Strength,https://www.muscleandstrength.com/workouts/31-the-big-arm-routine.html,fully equipped gym,muscle building,single muscle group,both,intermediate,1
workouts__32-the-coconut-shoulders-workout-.html__f69daeef20.html,The Coconut Shoulders Workout | Muscle & Strength,https://www.muscleandstrength.com/workouts/32-the-coconut-shoulders-workout-.html,fully equipped gym,muscle building,single muscle group,both,intermediate,1
workouts__33-the-giant-set-routine-.html__6802a01c6c.html,The Giant Set Routine! | Muscle & Strength,https://www.muscleandstrength.com/workouts/33-the-giant-set-routine-.html,fully equipped gym,muscle building,split,both,advanced,3
workouts__34-beginner-shoulder-workout.html__1ad9b2f050.html,Beginner Shoulder Workout | Muscle & Strength,https://www.muscleandstrength.com/workouts/34-beginner-shoulder-workout.html,home / small gym,muscle building,single muscle group,both,beginner,1
workouts__35-beginner-chest-workout.html__6b64d69721.html,Beginner Chest Workout | Muscle & Strength,https://www.muscleandstrength.com/workouts/35-beginner-chest-workout.html,fully equipped gym,muscle building,single muscle group,both,beginner,1
workouts__36-8-week-intense-back-workout.html__69852b2d2f.html,8 Week Intense Back Workout | Muscle & Strength,https://www.muscleandstrength.com/workouts/36-8-week-intense-back-workout.html,fully equipped gym,muscle building,single muscle group,both,intermediate,1
workouts__37-beginner-tricep-workout.html__387992586e.html,Beginner Tricep Workout | Muscle & Strength,https://www.muscleandstrength.com/workouts/37-beginner-tricep-workout.html,fully equipped gym,muscle building,single muscle group,both,beginner,1
workouts__38-beginner-leg-workout.html__eb65fc1ef0.html,Beginner Leg Workout | Muscle & Strength,https://www.muscleandstrength.com/workouts/38-beginner-leg-workout.html,fully equipped gym,muscle building,single muscle group,both,beginner,1
workouts__39-beginner-bicep-workout.html__1eedaa1a7e.html,Beginner Bicep Workout | Muscle & Strength,https://www.muscleandstrength.com/workouts/39-beginner-bicep-workout.html,home / small gym,muscle building,single muscle group,both,beginner,1
workouts__3d-muscle-drop-set-split__cddfd23a02.html,3D Muscle: A 3 Day Drop Set Workout Program,https://www.muscleandstrength.com/workouts/3d-muscle-drop-set-split,fully equipped gym,muscle building,split,both,intermediate,3
workouts__3day-beginners-workout.html__ab604982bd.html,3 Day Muscle Building Workout For Beginners | Muscle & Strength,https://www.muscleandstrength.com/workouts/3day-beginners-workout.html,fully equipped gym,muscle building,split,both,beginner,3
workouts__3day-hardcore-program.html__7470db567d.html,3 Day Hardcore Program | Muscle & Strength,https://www.muscleandstrength.com/workouts/3day-hardcore-program.html,fully equipped gym,muscle building,split,both,intermediate,3
workouts__4-5-day-workout-for-building-muscle-and-strength__ec8750d8ab.html,4-5 Day Workout for Building Muscle & Strength,https://www.muscleandstrength.com/workouts/4-5-day-workout-for-building-muscle-and-strength,fully equipped gym,strength,split,both,intermediate,4
workouts__4-day-barbell-only-workout__551e290046.html,4 Day Barbell Only Workout (No Rack Required) | Muscle & Strength,https://www.muscleandstrength.com/workouts/4-day-barbell-only-workout,home / small gym,muscle building,split,both,intermediate,4
workouts__4-day-bodybuilding-split-by-shaun.html__8339fbb352.html,4 Day Bodybuilding Split by Shaun | Muscle & Strength,https://www.muscleandstrength.com/workouts/4-day-bodybuilding-split-by-shaun.html,fully equipped gym,muscle building,split,both,intermediate,4
workouts__4-day-machine-only-workout__f23f6f65f6.html,Machine Only Workout: 4 Day Workout Split,https://www.muscleandstrength.com/workouts/4-day-machine-only-workout,fully equipped gym,muscle building,split,both,beginner,4
workouts__4-day-maximum-mass-workout__1190206d23.html,4 Day Maximum Mass Workout | Muscle & Strength,https://www.muscleandstrength.com/workouts/4-day-maximum-mass-workout,fully equipped gym,muscle building,split,both,intermediate,4
workouts__4-day-power-muscle-burn-workout-split.html__e146c51e59.html,4 Day Power Muscle Burn Workout Split | Muscle & Strength,https://www.muscleandstrength.com/workouts/4-day-power-muscle-burn-workout-split.html,fully equipped gym,muscle building,split,both,intermediate,4
workouts__4-day-ppl-and-v-taper-intensifier-workout__f35f34da4c.html,4 Day Muscle Building Workout: PPL Split w/ V Taper Intensifier,https://www.muscleandstrength.com/workouts/4-day-ppl-and-v-taper-intensifier-workout,fully equipped gym,muscle building,split,both,intermediate,4
workouts__4-day-rp21-rest-pause-workout-system__18ded82e4f.html,4 Day Rest Pause RP-21 Muscle Building Workout System | Muscle & Strength,https://www.muscleandstrength.com/workouts/4-day-rp21-rest-pause-workout-system,fully equipped gym,muscle building,split,both,intermediate,4
workouts__4-day-shred-cycle-workout__714f6166bc.html,4 Day Shred Cycle Fat Loss Workout | Muscle & Strength,https://www.muscleandstrength.com/workouts/4-day-shred-cycle-workout,fully equipped gym,fat loss,split,both,intermediate,4
workouts__4-day-workout-build-serious-mass__3a7e424e9e.html,4 Day Workout Program to Build Serious Mass,https://www.muscleandstrength.com/workouts/4-day-workout-build-serious-mass,fully equipped gym,muscle building,split,both,intermediate,4
workouts__4-week-absolute-leg-carnage-workout__16e6223219.html,4 Week Absolute Leg Carnage Workout,https://www.muscleandstrength.com/workouts/4-week-absolute-leg-carnage-workout,fully equipped gym,muscle building,single muscle group,both,advanced,1
workouts__4-week-arm-ageddon-blast-arm-workout__422bdd6be0.html,4 Week Arm-Ageddon Blast Arm Workout,https://www.muscleandstrength.com/workouts/4-week-arm-ageddon-blast-arm-workout,fully equipped gym,muscle building,single muscle group,both,advanced,1
workouts__4-week-beginner-core-strength__9845d1c04a.html,4 Week Beginner Core Strength Trainer,https://www.muscleandstrength.com/workouts/4-week-beginner-core-strength,home / small gym,strength,single muscle group,both,beginner,6
workouts__4-week-beginner-kettlebell-workout__da2d374379.html,4 Week Beginner Kettlebell Workout For Muscle Growth,https://www.muscleandstrength.com/workouts/4-week-beginner-kettlebell-workout,home / small gym,muscle building,full body,both,beginner,4
workouts__4-week-complete-kettlebell-ab-workout__6be87dfe65.html,4 Week Complete Kettlebell Ab & Core Workout,https://www.muscleandstrength.com/workouts/4-week-complete-kettlebell-ab-workout,home / small gym,general fitness,full body,both,beginner,3
workouts__4-week-leg-lashing-blast-workout-program__c44c34f998.html,4 Week Leg-Lashing Blast Workout Program,https://www.muscleandstrength.com/workouts/4-week-leg-lashing-blast-workout-program,fully equipped gym,muscle building,single muscle group,both,advanced,4
workouts__4-week-shoulder-shocker-workout__1d5c1a290e.html,4 Week Shoulder Shocker to Ignite Muscle Growth,https://www.muscleandstrength.com/workouts/4-week-shoulder-shocker-workout,fully equipped gym,muscle building,single muscle group,both,advanced,1
workouts__4-week-v-cuts-abs-workout__c7d0d20db7.html,4 Week “V Cuts Abs” Workout Routine,https://www.muscleandstrength.com/workouts/4-week-v-cuts-abs-workout,fully equipped gym,fat loss,split,both,intermediate,4
workouts__40-beginner-back-workout.html__8b4af47875.html,Beginner Back Workout | Muscle & Strength,https://www.muscleandstrength.com/workouts/40-beginner-back-workout.html,fully equipped gym,muscle building,single muscle group,both,beginner,1
workouts__40-minute-abs-cardio-resistance-workout__a524e0b407.html,"40 Minute Blast - Abs, Cardio And Resistance Workout | Muscle & Strength",https://www.muscleandstrength.com/workouts/40-minute-abs-cardio-resistance-workout,home / small gym,fat loss,full body,both,beginner,3
workouts__41-beginner-forearm-workout.html__1402510604.html,Beginner Forearm Workout | Muscle & Strength,https://www.muscleandstrength.com/workouts/41-beginner-forearm-workout.html,home / small gym,muscle building,single muscle group,both,beginner,1
workouts__42-beginner-ab-workout.html__f74f3e56ef.html,Beginner Ab Workout | Muscle & Strength,https://www.muscleandstrength.com/workouts/42-beginner-ab-workout.html,body weight,muscle building,single muscle group,both,beginner,1
workouts__45-minute-kettlebell-bodyweight-fat-loss-workout__20acd5e348.html,45-Minute Kettlebell and Bodyweight Workout for Fat Loss | Muscle & Strength,https://www.muscleandstrength.com/workouts/45-minute-kettlebell-bodyweight-fat-loss-workout,home / small gym,fat loss,full body,both,beginner,3
workouts__5-biceps-workout-routines-beginner-advanced__bcce28a1b3.html,5 Effective Biceps Workout Routines: Beginner To Advanced | Muscle & Strength,https://www.muscleandstrength.com/workouts/5-biceps-workout-routines-beginner-advanced,home / small gym,muscle building,split,both,beginner,1
workouts__5-crossfit-wods-general-conditioning__990e4a5ec7.html,5 Cross Training Workouts For General Conditioning | Muscle & Strength,https://www.muscleandstrength.com/workouts/5-crossfit-wods-general-conditioning,home / small gym,fat loss,full body,both,beginner,5
workouts__5-day-dumbbell-only-workout-split__cca2bc8a97.html,Dumbbell Only Workout: 5 Day Dumbbell Workout Split,https://www.muscleandstrength.com/workouts/5-day-dumbbell-only-workout-split,home / small gym,muscle building,split,both,intermediate,5
workouts__5-day-home-muscle-building-workout__31a83b5607.html,5 Day At Home Muscle Building Workout | Muscle & Strength,https://www.muscleandstrength.com/workouts/5-day-home-muscle-building-workout,home / small gym,muscle building,split,both,beginner,5
workouts__5-day-push-pull-legs-workout-program-cycle__f5fda56d50.html,"5 Day Push, Pull, Legs Workout Program Cycle",https://www.muscleandstrength.com/workouts/5-day-push-pull-legs-workout-program-cycle,fully equipped gym,muscle building,split,both,intermediate,5
workouts__5-day-supersets-timed-set-workout__c424e70deb.html,5 Day Superset & Timed Set Muscle Building Workout | Muscle & Strength,https://www.muscleandstrength.com/workouts/5-day-supersets-timed-set-workout,fully equipped gym,muscle building,split,both,intermediate,5
workouts__5-fat-loss-workouts-cory-gregory-musclepharm__33b09d1feb.html,5 Fat Loss Workouts From Cory Gregory & MusclePharm | Muscle & Strength,https://www.muscleandstrength.com/workouts/5-fat-loss-workouts-cory-gregory-musclepharm,fully equipped gym,fat loss,split,both,beginner,3
workouts__5-killer-summer-arm-workouts__fba090ecd5.html,5 Killer Arm Workouts for Tank Top Season,https://www.muscleandstrength.com/workouts/5-killer-summer-arm-workouts,fully equipped gym,muscle building,single muscle group,both,intermediate,2
workouts__5-minute-meltdown__f004ca3438.html,"Power Hour: The ""5 Minute Meltdown"" Pump n' Burn Workout",https://www.muscleandstrength.com/workouts/5-minute-meltdown,fully equipped gym,fat loss,full body,both,beginner,3
workouts__5-week-full-body-kettlebell-workout__2b33b33491.html,5 Week Full Body Kettlebell Workout | Muscle & Strength,https://www.muscleandstrength.com/workouts/5-week-full-body-kettlebell-workout,home / small gym,fat loss,full body,both,beginner,5
workouts__50-rep-fat-loss-hiit-treadmill-kettlebell-workout__cfacb75dfd.html,50 Rep Fat Loss HIIT Treadmill And Kettlebell Workout | Muscle & Strength,https://www.muscleandstrength.com/workouts/50-rep-fat-loss-hiit-treadmill-kettlebell-workout,home / small gym,fat loss,full body,both,beginner,3
workouts__5000-rep-arm-specialization-program__d83201b4fc.html,"10 Week Program & 5,000 Rep Arm Specialization Program | Muscle & Strength",https://www.muscleandstrength.com/workouts/5000-rep-arm-specialization-program,fully equipped gym,muscle building,single muscle group,both,intermediate,3
workouts__6-day-dumbbell-only-workout__a3af2eedb7.html,Dumbbell Only Workout: 6 Day Dumbbell Workout Split,https://www.muscleandstrength.com/workouts/6-day-dumbbell-only-workout,home / small gym,muscle building,split,both,intermediate,6
workouts__6-day-low-volume-high-intensity-workout-split__3c41bb97f5.html,6 Day Low Volume High-Intensity Workout Split,https://www.muscleandstrength.com/workouts/6-day-low-volume-high-intensity-workout-split,fully equipped gym,muscle building,split,both,intermediate,6
workouts__6-day-powerbuilding-split-meal-plan__6a1068e1d4.html,6 Day Push/Pull/Legs (PPL) Powerbuilding Workout Split & Meal Plan | Muscle & Strength,https://www.muscleandstrength.com/workouts/6-day-powerbuilding-split-meal-plan,fully equipped gym,muscle building,split,both,intermediate,6
workouts__6-exercise-home-dumbbell-leg-workout__3f8f1ffdbe.html,6 Exercise Home Dumbbell Workout For Legs | Muscle & Strength,https://www.muscleandstrength.com/workouts/6-exercise-home-dumbbell-leg-workout,home / small gym,muscle building,single muscle group,both,beginner,1
workouts__6-week-arm-builder-workout-plan__60a9651935.html,6 Week Arm Builder Workout Plan | Muscle & Strength,https://www.muscleandstrength.com/workouts/6-week-arm-builder-workout-plan,fully equipped gym,muscle building,single muscle group,both,beginner,2
workouts__6-week-bodyweight-only-workout__95f67cf51a.html,Body Blaster: Full Body Fat Loss Workout (No Equipment Necessary) | Muscle & Strength,https://www.muscleandstrength.com/workouts/6-week-bodyweight-only-workout,body weight,fat loss,full body,both,beginner,3
workouts__6-week-extreme-fat-loss-workout__bd5c804d5c.html,Extreme Fat Loss: 6 Week Fat Loss Workout Plan,https://www.muscleandstrength.com/workouts/6-week-extreme-fat-loss-workout,home / small gym,fat loss,full body,both,intermediate,3
workouts__6-week-summer-workout-challenge__b9045d0556.html,6 Week Summer Workout Challenge | Muscle & Strength,https://www.muscleandstrength.com/workouts/6-week-summer-workout-challenge,home / small gym,fat loss,split,both,beginner,6
workouts__6-week-workout-program-to-build-lean-muscle__e788f04bcd.html,6 Week Workout Program to Build Lean Muscle,https://www.muscleandstrength.com/workouts/6-week-workout-program-to-build-lean-muscle,fully equipped gym,muscle building,split,both,intermediate,4
workouts__7-intermediate-4-day-split-workout.html__4f4fbd87d1.html,Intermediate 4 Day Split Workout | Muscle & Strength,https://www.muscleandstrength.com/workouts/7-intermediate-4-day-split-workout.html,fully equipped gym,muscle building,single muscle group,both,intermediate,4
workouts__8-week-back-blast-workout__d286e1636d.html,Back Blast! 8 Week Program to Build Your Back,https://www.muscleandstrength.com/workouts/8-week-back-blast-workout,fully equipped gym,muscle building,single muscle group,both,intermediate,1
workouts__8-week-beginner-workout-for-women__e6d10d47e9.html,8 Week Beginner Workout for Women,https://www.muscleandstrength.com/workouts/8-week-beginner-workout-for-women,fully equipped gym,muscle building,full body,both,beginner,3
workouts__8-week-bench-press-builder__8b3d4a4d7a.html,8 Week Bench Press Builder | Muscle & Strength,https://www.muscleandstrength.com/workouts/8-week-bench-press-builder,home / small gym,strength,single muscle group,both,intermediate,4
workouts__8-week-bicep-tricep-builder__d259d319bf.html,Awesome Arms: 8 Weeks to Better Biceps and Triceps | Muscle & Strength,https://www.muscleandstrength.com/workouts/8-week-bicep-tricep-builder,fully equipped gym,muscle building,single muscle group,both,beginner,1
workouts__8-week-body-fat-demolition-workout__cac7404b34.html,Body Fat Demolition: 8 Week Workout to Destroy Body Fat,https://www.muscleandstrength.com/workouts/8-week-body-fat-demolition-workout,fully equipped gym,fat loss,split,both,intermediate,5
workouts__8-week-cannonball-delts__da04ad6317.html,8-Week Shoulder Workout to Build Cannonball Delts | Muscle & Strength,https://www.muscleandstrength.com/workouts/8-week-cannonball-delts,fully equipped gym,muscle building,single muscle group,both,intermediate,1
workouts__8-week-chest-back-workout-routine__7c70141a56.html,8 Week Chest And Back Specialization Workout Routine | Muscle & Strength,https://www.muscleandstrength.com/workouts/8-week-chest-back-workout-routine,fully equipped gym,muscle building,split,both,beginner,4
workouts__8-week-fat-incinerator-workout__bb250e4d7d.html,The Fat Incinerator: 8 Week Fat Burning Workout,https://www.muscleandstrength.com/workouts/8-week-fat-incinerator-workout,fully equipped gym,fat loss,split,both,intermediate,5
workouts__8-week-fat-loss-program-adults-40__cfd3d9edf5.html,8-Week Fat Loss Program for Adults 40+ | Muscle & Strength,https://www.muscleandstrength.com/workouts/8-week-fat-loss-program-adults-40,fully equipped gym,fat loss,full body,both,beginner,3
workouts__8-week-giant-shoulders__592e5b2484.html,Giant Sets For Giant Boulder Shoulders In 8 Weeks,https://www.muscleandstrength.com/workouts/8-week-giant-shoulders,home / small gym,muscle building,single muscle group,both,intermediate,1
workouts__8-week-hiet-training__5883f1509c.html,Get Ripped in 8 Weeks! HIET Fat Loss Workout & Nutrition Program,https://www.muscleandstrength.com/workouts/8-week-hiet-training,fully equipped gym,fat loss,split,both,intermediate,6
workouts__8-week-high-volume-bicep-blaster__cbdf2d7596.html,8 Week High Volume Bicep Blaster Workout | Muscle & Strength,https://www.muscleandstrength.com/workouts/8-week-high-volume-bicep-blaster,fully equipped gym,muscle building,single muscle group,both,intermediate,2
workouts__8-week-hit3-gym-workout__d6ff988d76.html,HIT3 Training: 8 Week Intense Muscle-Building Program | Muscle & Strength,https://www.muscleandstrength.com/workouts/8-week-hit3-gym-workout,fully equipped gym,muscle building,split,both,advanced,3
workouts__8-week-hit3-home-workout__4c52b711ba.html,HIT3 Training at Home: 8 Week Muscle-Building Program | Muscle & Strength,https://www.muscleandstrength.com/workouts/8-week-hit3-home-workout,home / small gym,muscle building,split,both,intermediate,3
workouts__8-week-hypertrophy-workout__2b75088809.html,8 Week Mass Building Hypertrophy Workout | Muscle & Strength,https://www.muscleandstrength.com/workouts/8-week-hypertrophy-workout,fully equipped gym,muscle building,split,both,intermediate,4
workouts__8-week-knee-friendly-quad-workout__78d0586915.html,8-Week Knee-Friendly Quad Workout | Muscle & Strength,https://www.muscleandstrength.com/workouts/8-week-knee-friendly-quad-workout,fully equipped gym,muscle building,single muscle group,both,beginner,1
workouts__8-week-mass-building-workout-for-beginners__f4835a234f.html,8 Week Mass Building Workout for Beginners | Muscle & Strength,https://www.muscleandstrength.com/workouts/8-week-mass-building-workout-for-beginners,fully equipped gym,muscle building,split,both,beginner,4
workouts__8-week-muscle-building-bodyweight-workout__164e4f2db0.html,8 Week Muscle Building Bodyweight Workout,https://www.muscleandstrength.com/workouts/8-week-muscle-building-bodyweight-workout,home / small gym,muscle building,full body,both,beginner,3
workouts__8-week-out-angle-chest-workout__4b00f88a15.html,"8 Week ""Out-Angle"" Chest Workout Routine",https://www.muscleandstrength.com/workouts/8-week-out-angle-chest-workout,fully equipped gym,muscle building,single muscle group,both,beginner,1
workouts__8-week-program-to-create-a-superhuman-chest__b5fdc5e6c0.html,8 Week Program to Create a Superhero Chest,https://www.muscleandstrength.com/workouts/8-week-program-to-create-a-superhuman-chest,fully equipped gym,muscle building,single muscle group,both,intermediate,1
workouts__8-week-spring-shred-program__1f9ac8a46e.html,Spring Shred: 8 Week Fat Loss Workout Plan,https://www.muscleandstrength.com/workouts/8-week-spring-shred-program,fully equipped gym,fat loss,split,both,advanced,5
workouts__8-week-summer-shred__0306069a03.html,Shredded by Summer: 8 Weeks to Your Best Body Ever,https://www.muscleandstrength.com/workouts/8-week-summer-shred,fully equipped gym,fat loss,split,both,intermediate,3
workouts__8-week-super-strength-workout__6ef10ea81e.html,Super Strength: 8 Week Strength Building Workout for Beginners | Muscle & Strength,https://www.muscleandstrength.com/workouts/8-week-super-strength-workout,fully equipped gym,strength,split,both,beginner,5
workouts__8-week-wheels-workout__763e12abb0.html,Wheels Workout: 8 Week Program to Build Your Legs,https://www.muscleandstrength.com/workouts/8-week-wheels-workout,fully equipped gym,muscle building,single muscle group,both,beginner,1
workouts__8-week-workout-for-shredded-shoulders__057c0828f0.html,8 Week Program to Build Shredded Shoulders,https://www.muscleandstrength.com/workouts/8-week-workout-for-shredded-shoulders,fully equipped gym,muscle building,single muscle group,both,intermediate,1
workouts__8-weeks-stronger-deadlift__8191cc5108.html,8 Weeks To A Stronger Deadlift | Muscle & Strength,https://www.muscleandstrength.com/workouts/8-weeks-stronger-deadlift,fully equipped gym,strength,single muscle group,both,intermediate,1
workouts__8-x-8-workout-lean-muscle__29280451d7.html,8x8 Workout: Lean Muscle Gainz Workout,https://www.muscleandstrength.com/workouts/8-x-8-workout-lean-muscle,fully equipped gym,muscle building,split,both,intermediate,4
workouts__9-6-3-workout-system-muscle-size-strength__3c8e8c34d8.html,963 Workout System For Muscle Size And Strength | Muscle & Strength,https://www.muscleandstrength.com/workouts/9-6-3-workout-system-muscle-size-strength,fully equipped gym,muscle building,split,both,beginner,4
workouts__9-week-progressive-bodyweight-workout__d345ad8c28.html,9 Week Bodyweight Workout For Strength & Muscle Gains | Muscle & Strength,https://www.muscleandstrength.com/workouts/9-week-progressive-bodyweight-workout,home / small gym,general fitness,full body,both,beginner,3
workouts__a-b-2-day-workout-for-busy-people__05b9a5508d.html,A/B 2 Day Workout Routine for Busy People,https://www.muscleandstrength.com/workouts/a-b-2-day-workout-for-busy-people,fully equipped gym,muscle building,full body,both,beginner,2
workouts__advanced-bodybuilder-workout.html__d9d6ec5e03.html,Advanced Bodybuilder Workout | Muscle & Strength,https://www.muscleandstrength.com/workouts/advanced-bodybuilder-workout.html,fully equipped gym,muscle building,split,both,advanced,5
workouts__advanced-fat-loss-workout__7f9a73cd01.html,10 Weeks to Shredded: Maximize Your Fat Loss with this Workout,https://www.muscleandstrength.com/workouts/advanced-fat-loss-workout,fully equipped gym,fat loss,split,both,advanced,6
workouts__animal-instincts-kurt-weidner-4-day-split-workout.html__5b01b8dad3.html,Animal Instincts - The Kurt Weidner 4 Day Split Workout | Muscle & Strength,https://www.muscleandstrength.com/workouts/animal-instincts-kurt-weidner-4-day-split-workout.html,fully equipped gym,muscle building,split,both,intermediate,4
workouts__anti-hero-training-plan-big-brutal-muscle__6d14b9ee46.html,"The Anti-Hero Training Plan: Build Big, Brutal Muscle & Strength | Muscle & Strength",https://www.muscleandstrength.com/workouts/anti-hero-training-plan-big-brutal-muscle,home / small gym,muscle building,split,both,beginner,4
workouts__arm-building-circuits-bicep-tricep-plateaus__2daa556a8b.html,Arm Building Circuits: Bust Through Bicep & Tricep Plateaus | Muscle & Strength,https://www.muscleandstrength.com/workouts/arm-building-circuits-bicep-tricep-plateaus,fully equipped gym,muscle building,single muscle group,both,beginner,1
workouts__armergency-workout__d3953146eb.html,ARMergency: A Killer Arm Day Workout Program,https://www.muscleandstrength.com/workouts/armergency-workout,fully equipped gym,muscle building,single muscle group,both,advanced,1
workouts__at-home-glute-building-program__dee9f5961c.html,4-Day At-Home Glute Building Workout | Muscle & Strength,https://www.muscleandstrength.com/workouts/at-home-glute-building-program,home / small gym,muscle building,split,both,beginner,4
workouts__back-day-burnout__0eb46b4841.html,The Back Day Burnout: A Big Thick Back Workout,https://www.muscleandstrength.com/workouts/back-day-burnout,fully equipped gym,muscle building,single muscle group,both,intermediate,1
workouts__balloon-arms-workout__ae4ceecb6b.html,Balloon Arms Workout By MusclePharm | Muscle & Strength,https://www.muscleandstrength.com/workouts/balloon-arms-workout,home / small gym,muscle building,single muscle group,both,beginner,1
workouts__band-barbell-workout__0d9c70f6ff.html,8 Week Barbell and Resistance Band Muscle Building Workout | Muscle & Strength,https://www.muscleandstrength.com/workouts/band-barbell-workout,home / small gym,muscle building,split,both,beginner,3
workouts__band-only-muscle-building-workout__68c3acece1.html,Band Only Muscle Building Workout | Muscle & Strength,https://www.muscleandstrength.com/workouts/band-only-muscle-building-workout,home / small gym,muscle building,split,both,beginner,3
workouts__barbell-hack-squats-workouts-quads__dcde790d96.html,Barbell Hack Squat Workouts For Bigger Quads | Muscle & Strength,https://www.muscleandstrength.com/workouts/barbell-hack-squats-workouts-quads,fully equipped gym,muscle building,single muscle group,both,beginner,2
workouts__batman-workout-routine__a1c7c11d96.html,Batman Workout Routine: 14 Week Superhero Workout,https://www.muscleandstrength.com/workouts/batman-workout-routine,fully equipped gym,muscle building,split,both,intermediate,4
workouts__beat-the-crowded-gym-workout-program__555e41b242.html,Beat the Crowd: 4 Day Workout You Can Do in a Crowded Gym,https://www.muscleandstrength.com/workouts/beat-the-crowded-gym-workout-program,fully equipped gym,fat loss,split,both,intermediate,4
workouts__beginner-fat-loss-workout__c7c3560760.html,8 Week Fat Loss Workout for Beginners | Muscle & Strength,https://www.muscleandstrength.com/workouts/beginner-fat-loss-workout,fully equipped gym,fat loss,split,both,beginner,4
workouts__beginner-fullbody-workout.html__52ed3674a9.html,Beginner Full-Body Workout | Muscle & Strength,https://www.muscleandstrength.com/workouts/beginner-fullbody-workout.html,fully equipped gym,muscle building,full body,both,beginner,3
workouts__beginner-long-cycle-muscle-strength-building-workout__fb0e074602.html,Long Cycle Beginner Muscle And Strength Building Workout | Muscle & Strength,https://www.muscleandstrength.com/workouts/beginner-long-cycle-muscle-strength-building-workout,fully equipped gym,strength,full body,both,beginner,3
workouts__bench-most-dayz__68413a50d5.html,Bench Most Dayz: Increase Bench Press Workout,https://www.muscleandstrength.com/workouts/bench-most-dayz,home / small gym,strength,single muscle group,both,beginner,4
workouts__best-chest-workout-push-stretch-method__055f27e728.html,Best Chest Workout: The Push & Stretch Method For Killer Chest Gains,https://www.muscleandstrength.com/workouts/best-chest-workout-push-stretch-method,fully equipped gym,muscle building,single muscle group,both,intermediate,1
workouts__best-muscle-building-workouts-for-natural-bodybuilders__e25e34ce79.html,The Best Muscle Building Workout for Natural Bodybuilders,https://www.muscleandstrength.com/workouts/best-muscle-building-workouts-for-natural-bodybuilders,fully equipped gym,muscle building,split,both,beginner,6
workouts__best-shoulder-workout-youve-never-tried__2ad97d33af.html,The Best Shoulder Workout You've Never Tried,https://www.muscleandstrength.com/workouts/best-shoulder-workout-youve-never-tried,home / small gym,muscle building,single muscle group,both,beginner,1
workouts__best-weekly-split-for-maximum-muscle-gains__2c1f227f01.html,The Best Weekly Split for Maximum Muscle Gains,https://www.muscleandstrength.com/workouts/best-weekly-split-for-maximum-muscle-gains,fully equipped gym,muscle building,split,both,intermediate,6
workouts__big-and-strong-advanced-program__bd0af30848.html,Big and Strong: 8 Week Advanced Strength Building Workout | Muscle & Strength,https://www.muscleandstrength.com/workouts/big-and-strong-advanced-program,fully equipped gym,strength,split,both,advanced,5
workouts__big-arms-fast-4-week-specialization-workout__da8a1546b1.html,Big Arms Fast: 4 Week Specialization Workout | Muscle & Strength,https://www.muscleandstrength.com/workouts/big-arms-fast-4-week-specialization-workout,fully equipped gym,muscle building,split,both,beginner,2
workouts__big-traps-2-day-trapezius-workout__08783c4b97.html,Big Traps: 2 Day Trapezius Building Workout | Muscle & Strength,https://www.muscleandstrength.com/workouts/big-traps-2-day-trapezius-workout,home / small gym,muscle building,single muscle group,both,intermediate,2
workouts__bigger-bench-press-chest-135-pounds__a2f2a48969.html,A Bigger Bench Press & Chest Using Only 135 Pounds - Really | Muscle & Strength,https://www.muscleandstrength.com/workouts/bigger-bench-press-chest-135-pounds,home / small gym,muscle building,single muscle group,both,intermediate,2
workouts__bigger-better-arms-workout-30-days__95c117c08d.html,Growin' Guns: Bigger and Better Arms in 30 Days,https://www.muscleandstrength.com/workouts/bigger-better-arms-workout-30-days,fully equipped gym,muscle building,single muscle group,both,advanced,1
workouts__bill-starr-5x5-linear-version-intermediate-lifters.html__72636f980c.html,Bill Starr 5x5 Linear Version For Intermediate Lifters | Muscle & Strength,https://www.muscleandstrength.com/workouts/bill-starr-5x5-linear-version-intermediate-lifters.html,home / small gym,strength,full body,both,intermediate,3
workouts__blast-and-pump-arm-workout.html__d3feb3d779.html,Blast And Pump Arm Workout | Muscle & Strength,https://www.muscleandstrength.com/workouts/blast-and-pump-arm-workout.html,fully equipped gym,muscle building,single muscle group,both,intermediate,1
workouts__blue-print-leaner-muscular-body__c2b42a4b49.html,"Your Complete Blue Print For A Leaner, More Muscular Body | Muscle & Strength",https://www.muscleandstrength.com/workouts/blue-print-leaner-muscular-body,home / small gym,muscle building,split,both,beginner,3
workouts__body-fat-blaster-8-week-workout__7a37fbc83c.html,The Body Fat Blaster: 8 Weeks to a Ripped Physique,https://www.muscleandstrength.com/workouts/body-fat-blaster-8-week-workout,fully equipped gym,fat loss,split,both,intermediate,5
workouts__body-god-complete-bodyweight-muscle-building-plan__884d194b60.html,Body Like A God: A Complete Bodyweight Muscle Building Plan | Muscle & Strength,https://www.muscleandstrength.com/workouts/body-god-complete-bodyweight-muscle-building-plan,body weight,muscle building,full body,both,beginner,4
workouts__bodyweight-basics-3-day-workout__a2dff5065a.html,Bodyweight Basics: 3 Day Bodyweight Workout Plan,https://www.muscleandstrength.com/workouts/bodyweight-basics-3-day-workout,body weight,general fitness,split,both,beginner,3
workouts__boost-your-bench-press__5faa636e24.html,Boost Your Bench Press: The Ultimate Workout Plan to Increase Strength and Power | Muscle & Strength,https://www.muscleandstrength.com/workouts/boost-your-bench-press,fully equipped gym,strength,full body,both,beginner,4
workouts__brutality-squat-deadlift-workout__e406b65ef3.html,Brutality: A Squat & Deadlift Centered Muscle Building Program | Muscle & Strength,https://www.muscleandstrength.com/workouts/brutality-squat-deadlift-workout,home / small gym,muscle building,split,both,intermediate,4
workouts__build-bigger-chest__64de808b59.html,Build a Bigger Chest With This Intense Mass Building Workout,https://www.muscleandstrength.com/workouts/build-bigger-chest,fully equipped gym,muscle building,single muscle group,both,intermediate,1
workouts__build-bigger-upper-body-workout__b58b493466.html,"Build A Bigger Upper Body: Back, Shoulders And Traps Workout | Muscle & Strength",https://www.muscleandstrength.com/workouts/build-bigger-upper-body-workout,fully equipped gym,muscle building,single muscle group,both,beginner,1
workouts__build-muscle-bodyweight-workout-routine-circuit__f7affd987a.html,Build Muscle With This Bodyweight Workout Routine Circuit | Muscle & Strength,https://www.muscleandstrength.com/workouts/build-muscle-bodyweight-workout-routine-circuit,body weight,general fitness,full body,both,beginner,3
workouts__build-own-crossfit-daily-workout__deec919e18.html,Build Your Own Cross Training Daily Workouts | Muscle & Strength,https://www.muscleandstrength.com/workouts/build-own-crossfit-daily-workout,home / small gym,fat loss,full body,both,beginner,3
workouts__build-wider-back__f8d615df55.html,2 Best Exercises For Building a Wide Back (Workout Included),https://www.muscleandstrength.com/workouts/build-wider-back,fully equipped gym,muscle building,split,both,beginner,5
workouts__building-bigger-pecs-4-workouts-chest-size__9a21835181.html,Building Bigger Pecs: 4 Workouts For Improved Chest Size | Muscle & Strength,https://www.muscleandstrength.com/workouts/building-bigger-pecs-4-workouts-chest-size,fully equipped gym,muscle building,single muscle group,both,intermediate,1
workouts__building-the-beginner__682769cd73.html,Building The Beginner: Foundation for Muscle & Strength,https://www.muscleandstrength.com/workouts/building-the-beginner,fully equipped gym,muscle building,split,both,beginner,5
workouts__built-different-ppl-workout__8819687a2a.html,Built Different Program: 6 Day PPL Workout Routine,https://www.muscleandstrength.com/workouts/built-different-ppl-workout,fully equipped gym,muscle building,split,both,advanced,6
workouts__bulldozer-training-4-day-mini-dozer-workout-split__6cef25b218.html,"Bulldozer Training 4 Day ""Mini-Dozer"" Workout Split | Muscle & Strength",https://www.muscleandstrength.com/workouts/bulldozer-training-4-day-mini-dozer-workout-split,fully equipped gym,muscle building,split,both,intermediate,4
workouts__bulldozer-training-4-day-workout-split__7488370108.html,Bulldozer Training 4 Day Workout Split | Muscle & Strength,https://www.muscleandstrength.com/workouts/bulldozer-training-4-day-workout-split,fully equipped gym,muscle building,split,both,intermediate,4
workouts__burn-to-grow-quad-workout__e3c2074021.html,Burn-to-Grow Quad Workout Routine,https://www.muscleandstrength.com/workouts/burn-to-grow-quad-workout,fully equipped gym,muscle building,single muscle group,both,intermediate,1
workouts__butt-gear-3-day-glute-workout__b2f94f6b51.html,Get Your Butt In Gear: 3 Day Glute Workout | Muscle & Strength,https://www.muscleandstrength.com/workouts/butt-gear-3-day-glute-workout,home / small gym,muscle building,single muscle group,both,beginner,3
workouts__cable-only-arm-workout.html__32408da253.html,Cable Only Bicep And Tricep Workout | Muscle & Strength,https://www.muscleandstrength.com/workouts/cable-only-arm-workout.html,fully equipped gym,muscle building,single muscle group,both,intermediate,1
workouts__calorie-destroyer-12-week-hiit-workout__3f4ef3e6cb.html,The Calorie Destroyer: 12 Week Full Body HIIT Workout and Meal Plan | Muscle & Strength,https://www.muscleandstrength.com/workouts/calorie-destroyer-12-week-hiit-workout,home / small gym,fat loss,full body,both,beginner,3
workouts__cannonball-delts-ultimate-shoulder-workout-program__a3b1afd5a9.html,Cannonball Delts: The Ultimate 12 Week Shoulder Building Program,https://www.muscleandstrength.com/workouts/cannonball-delts-ultimate-shoulder-workout-program,fully equipped gym,muscle building,single muscle group,both,intermediate,1
workouts__cardio-and-weights-workout.html__5798e4a210.html,Cardio And Weights Workout | Muscle & Strength,https://www.muscleandstrength.com/workouts/cardio-and-weights-workout.html,home / small gym,fat loss,full body,both,beginner,3
workouts__cardio-conditioning-workouts-fat-burning__d4368bf6f1.html,"Cardio Conditioning Workouts: More Fat Burning, Same Gym Time | Muscle & Strength",https://www.muscleandstrength.com/workouts/cardio-conditioning-workouts-fat-burning,fully equipped gym,fat loss,split,both,intermediate,3
workouts__charles-glass-beginners-essentials-bodybuilding-workout__30b528f667.html,Charles Glass's Beginner's Essentials Bodybuilding Workout,https://www.muscleandstrength.com/workouts/charles-glass-beginners-essentials-bodybuilding-workout,fully equipped gym,fat loss,split,both,beginner,5
workouts__chest-size-bench-press-strength-workout__6a557130c0.html,10 Week Chest Size & Bench Press Strength Workout | Muscle & Strength,https://www.muscleandstrength.com/workouts/chest-size-bench-press-strength-workout,fully equipped gym,muscle building,single muscle group,both,beginner,1
workouts__chiseled-chest-workout-6-routines-for-growth__5dc7c42e67.html,Chiseled Chest Workout: 6 Routines for Muscle Growth | Muscle & Strength,https://www.muscleandstrength.com/workouts/chiseled-chest-workout-6-routines-for-growth,fully equipped gym,muscle building,single muscle group,both,beginner,1
workouts__cobra-back-workout__fde60d225b.html,The Cobra Workout: Heavy High Volume Back Program,https://www.muscleandstrength.com/workouts/cobra-back-workout,fully equipped gym,muscle building,single muscle group,both,intermediate,2
workouts__combat-your-weakness-program__b32982e20f.html,Combat Your Weakness Workout Program For Muscle And Strength Gains,https://www.muscleandstrength.com/workouts/combat-your-weakness-program,fully equipped gym,muscle building,full body,both,intermediate,5
workouts__combo-fat-burner-workout__ea07335979.html,MusclePharm Combo Arm Blasting Workout | Muscle & Strength,https://www.muscleandstrength.com/workouts/combo-fat-burner-workout,fully equipped gym,fat loss,split,both,beginner,1
workouts__command-arms-grow-2-day-workout__a053c52787.html,Command Your Arms To Grow! 2 Day Arm Building Workout | Muscle & Strength,https://www.muscleandstrength.com/workouts/command-arms-grow-2-day-workout,fully equipped gym,muscle building,single muscle group,both,beginner,2
workouts__complete-hotel-gym-workout-program__f37aab65c0.html,Workouts for the Road: A Complete Hotel Gym Workout Program,https://www.muscleandstrength.com/workouts/complete-hotel-gym-workout-program,fully equipped gym,muscle building,split,both,intermediate,6
workouts__concrete-core-workouts__c686dc2c75.html,Concrete Core: 4 Core Workouts for Stronger Abs,https://www.muscleandstrength.com/workouts/concrete-core-workouts,home / small gym,strength,single muscle group,both,beginner,4
workouts__conditioning-comeback-8-week-conditioning-workout__eb3f65ea63.html,The Conditioning Comeback: 8 Week Total Body Fitness Workout | Muscle & Strength,https://www.muscleandstrength.com/workouts/conditioning-comeback-8-week-conditioning-workout,home / small gym,general fitness,split,both,beginner,3
workouts__conditioning-workout-for-women.html__59a743f42f.html,Whole Body Conditioning Workout For Women | Muscle & Strength,https://www.muscleandstrength.com/workouts/conditioning-workout-for-women.html,fully equipped gym,muscle building,full body,both,beginner,7
workouts__conjugate-system-beginner-powerlifting-workout-phase-1__795eece779.html,The Conjugate System: Phase 1 of the Beginner Powerlifting Workout,https://www.muscleandstrength.com/workouts/conjugate-system-beginner-powerlifting-workout-phase-1,fully equipped gym,strength,split,both,beginner,4
workouts__core-destroyer-8-week-home-ab-workout__ca387e73aa.html,Core Destroyer: 8 Week At Home Ab Workout | Muscle & Strength,https://www.muscleandstrength.com/workouts/core-destroyer-8-week-home-ab-workout,home / small gym,muscle building,single muscle group,both,beginner,2
workouts__core-strength-blueprint-4__fc3db55ae3.html,MusclePharm's Core Strength Blueprint Workout v1.4 With Coach Myers,https://www.muscleandstrength.com/workouts/core-strength-blueprint-4,home / small gym,strength,full body,both,intermediate,4
workouts__core-strength-fat-burn-workout__7754cf7984.html,"Core, Strength And Fat Burn Workout | Muscle & Strength",https://www.muscleandstrength.com/workouts/core-strength-fat-burn-workout,home / small gym,fat loss,full body,both,intermediate,6
workouts__core-strength-road-map__c485888fda.html,Core Strength Road Map: 4 Weeks to a Shredded & Strong Core,https://www.muscleandstrength.com/workouts/core-strength-road-map,fully equipped gym,strength,single muscle group,both,beginner,3
workouts__core-strength-rotational-anti-rotational-movements__1dcdb472aa.html,Core Strength Road Map: Mastering Rotation and Stability,https://www.muscleandstrength.com/workouts/core-strength-rotational-anti-rotational-movements,home / small gym,muscle building,single muscle group,both,beginner,1
workouts__core-training-workout-exercises-strength__d3e73cf521.html,Core Training Workout: 5 Exercises To Build Core Strength | Muscle & Strength,https://www.muscleandstrength.com/workouts/core-training-workout-exercises-strength,fully equipped gym,general fitness,single muscle group,both,beginner,2
workouts__cory-gregory-arm-workouts__70698cdbbd.html,Cory Gregory’s 4 Intense Arm Bursting Workouts | Muscle & Strength,https://www.muscleandstrength.com/workouts/cory-gregory-arm-workouts,fully equipped gym,muscle building,single muscle group,both,beginner,1
workouts__cory-gregory-brick-soup-abs-routine__6c91e6c74a.html,"Cory Gregory's ""Make Your Own Brick Soup"" Ab Workout",https://www.muscleandstrength.com/workouts/cory-gregory-brick-soup-abs-routine,home / small gym,muscle building,single muscle group,both,beginner,4
workouts__cut-like-cutler-cycle-1__ab9f9ba409.html,Cut Like Cutler Trainer - Cycle 1 Workouts,https://www.muscleandstrength.com/workouts/cut-like-cutler-cycle-1,fully equipped gym,muscle building,split,both,beginner,5
workouts__daves-upper-lower-split.html__f492051820.html,Dave's Upper/ Lower Split (DULS) | Muscle & Strength,https://www.muscleandstrength.com/workouts/daves-upper-lower-split.html,fully equipped gym,muscle building,split,both,intermediate,4
workouts__daves-vif-mass-building-program.html__445a88529f.html,Dave's V.I.F Mass Building Program | Muscle & Strength,https://www.muscleandstrength.com/workouts/daves-vif-mass-building-program.html,fully equipped gym,muscle building,split,both,intermediate,4
workouts__david-schachterle-30-min-shoulder-workout__d7af6b971a.html,30 Minute Big Shoulder Workout with David Schachterle | Muscle & Strength,https://www.muscleandstrength.com/workouts/david-schachterle-30-min-shoulder-workout,fully equipped gym,muscle building,single muscle group,both,intermediate,1
workouts__deadlift-specialization-program__6b0ca6f473.html,5-Day Deadlift Workout Program for Max Strength | Muscle & Strength,https://www.muscleandstrength.com/workouts/deadlift-specialization-program,fully equipped gym,strength,split,both,intermediate,5
workouts__deltoid-destruction-workout__5e34090590.html,Deltoid Destruction: High Volume & Instensity Shoulder Workout,https://www.muscleandstrength.com/workouts/deltoid-destruction-workout,fully equipped gym,muscle building,single muscle group,both,advanced,1
workouts__deltoid-doomsday__85481b7ca0.html,Deltoid Doomsday: An Epic Workout for Meteorite Boulder Shoulders,https://www.muscleandstrength.com/workouts/deltoid-doomsday,home / small gym,muscle building,single muscle group,both,intermediate,1
workouts__density-giant-set-training-maintain-muscle-fat-loss.html__1f6cf4e455.html,Density Giant Set Training: Maintain Muscle During Fat Loss | Muscle & Strength,https://www.muscleandstrength.com/workouts/density-giant-set-training-maintain-muscle-fat-loss.html,home / small gym,fat loss,split,both,intermediate,3
workouts__density-training-fat-loss-cardio__de207f70e8.html,Density Training For Fat Loss: No Cardio Required | Muscle & Strength,https://www.muscleandstrength.com/workouts/density-training-fat-loss-cardio,home / small gym,fat loss,split,both,beginner,4
workouts__dice-cards-bodyweight-conditioning-workout__1208ae867f.html,Dice And Cards Bodyweight And Conditioning Workout | Muscle & Strength,https://www.muscleandstrength.com/workouts/dice-cards-bodyweight-conditioning-workout,body weight,general fitness,full body,both,beginner,3
workouts__double-down-training-back-off-set__164397124a.html,Double Down Training: Back-Off Set Muscle Building | Muscle & Strength,https://www.muscleandstrength.com/workouts/double-down-training-back-off-set,fully equipped gym,muscle building,split,both,intermediate,4
workouts__double-split-muscle-building-specialization-workout__e8a2e56030.html,Double Split Training: 3 Month Muscle Building Specialization Program | Muscle & Strength,https://www.muscleandstrength.com/workouts/double-split-muscle-building-specialization-workout,fully equipped gym,muscle building,split,both,intermediate,5
workouts__dougs-4-day-split-workout.html__60ad88c144.html,Doug's 4 Day Split Workout | Muscle & Strength,https://www.muscleandstrength.com/workouts/dougs-4-day-split-workout.html,fully equipped gym,muscle building,split,both,intermediate,4
workouts__dougs-mass-building-routine-for-ectomorphs.html__e87ee570a8.html,Doug's Mass Building Routine for Ectomorphs | Muscle & Strength,https://www.muscleandstrength.com/workouts/dougs-mass-building-routine-for-ectomorphs.html,fully equipped gym,muscle building,split,both,intermediate,4
workouts__drop-5-home-workout-4-day-plan__364b99c9e6.html,Drop 5 System: 4 Day Home Muscle Building Plan | Muscle & Strength,https://www.muscleandstrength.com/workouts/drop-5-home-workout-4-day-plan,home / small gym,muscle building,split,both,intermediate,4
workouts__drop-5-system-4-day-workout__66ec3e096d.html,Drop 5 System: 4 Day Mass Building Workout Split | Muscle & Strength,https://www.muscleandstrength.com/workouts/drop-5-system-4-day-workout,fully equipped gym,muscle building,split,both,intermediate,4
workouts__dumbbar-supersets__dc746686b2.html,DumbBar Workout: Make Killer Gains With Dumbbell & Barbell Supersets,https://www.muscleandstrength.com/workouts/dumbbar-supersets,home / small gym,muscle building,split,both,beginner,6
workouts__dumbbell-barbell-home-workout.html__44491ca47f.html,3 Day Dumbbell & Barbell Home Workout | Muscle & Strength,https://www.muscleandstrength.com/workouts/dumbbell-barbell-home-workout.html,home / small gym,muscle building,split,both,intermediate,3
workouts__dumbbell-barbell-mass-workout.html__4330bb3974.html,Dumbbell & Barbell Mass Workout | Muscle & Strength,https://www.muscleandstrength.com/workouts/dumbbell-barbell-mass-workout.html,home / small gym,muscle building,split,both,intermediate,5
workouts__dumbbell-bodyweight-chest-workout__09bec268e8.html,3 Dumbbell and Bodyweight Chest Workouts (No Bench Needed!) | Muscle & Strength,https://www.muscleandstrength.com/workouts/dumbbell-bodyweight-chest-workout,home / small gym,muscle building,single muscle group,both,beginner,2
workouts__dumbbell-bodyweight-hitt-workout-calorie-burner__94198ce228.html,Dumbbell & Bodyweight HIIT Workout: A Real Calorie Burner | Muscle & Strength,https://www.muscleandstrength.com/workouts/dumbbell-bodyweight-hitt-workout-calorie-burner,home / small gym,fat loss,split,both,beginner,3
workouts__dumbbell-only-bench-press-workout__fd95d0f472.html,Dumbbell Only Workout: Increase Your Bench Press in 8 Weeks | Muscle & Strength,https://www.muscleandstrength.com/workouts/dumbbell-only-bench-press-workout,home / small gym,muscle building,split,both,beginner,5
workouts__dumbbell-only-upper-lower-workout-routine__534edde18b.html,4 Day Dumbbell Only Upper/Lower Workout Routine,https://www.muscleandstrength.com/workouts/dumbbell-only-upper-lower-workout-routine,home / small gym,muscle building,split,both,beginner,4
workouts__dup-muscle-growth-workout__b2460a20d4.html,Daily Undulating Periodization (DUP) Muscle Growth Workout | Muscle & Strength,https://www.muscleandstrength.com/workouts/dup-muscle-growth-workout,fully equipped gym,strength,split,both,intermediate,4
workouts__elite-shoulders-3-week-shoulder-workout__e51fff6696.html,Elite Shoulders: 3 Week Shoulder Shocker Workout,https://www.muscleandstrength.com/workouts/elite-shoulders-3-week-shoulder-workout,fully equipped gym,muscle building,single muscle group,both,advanced,1
workouts__every-angle-chest-workout__9327513096.html,Every Angle Chest Workout By MusclePharm | Muscle & Strength,https://www.muscleandstrength.com/workouts/every-angle-chest-workout,fully equipped gym,muscle building,single muscle group,both,beginner,1
workouts__evolving-push-day-workout__bbe607f7af.html,The Evolving Push Day Workout w/ John Jewett,https://www.muscleandstrength.com/workouts/evolving-push-day-workout,fully equipped gym,muscle building,single muscle group,both,intermediate,2
workouts__ex-hardgainer-workout-eating-plan.html__25985f387b.html,The Ex-Hardgainer Workout And Eating Plan | Muscle & Strength,https://www.muscleandstrength.com/workouts/ex-hardgainer-workout-eating-plan.html,home / small gym,muscle building,full body,both,beginner,3
workouts__express-workout-program__8e6844f200.html,The Express Workout Program: Quick Workouts for Quick Results,https://www.muscleandstrength.com/workouts/express-workout-program,fully equipped gym,fat loss,full body,both,intermediate,3
workouts__fast-4-beach-body-workout-college-student__0d76180d76.html,Fast 4: A Beach Body Workout Program For The College Student | Muscle & Strength,https://www.muscleandstrength.com/workouts/fast-4-beach-body-workout-college-student,fully equipped gym,muscle building,split,both,beginner,4
workouts__fast-furious-21-day-shredding-workout-diet__53cfec574e.html,Fast & Furious: 21 Day Shredding Workout Cycle And Diet | Muscle & Strength,https://www.muscleandstrength.com/workouts/fast-furious-21-day-shredding-workout-diet,fully equipped gym,fat loss,split,both,intermediate,4
workouts__fast-mass-program__0917d1cd99.html,Fast Mass Program: The 4 Day Superset Split Workout,https://www.muscleandstrength.com/workouts/fast-mass-program,fully equipped gym,muscle building,split,both,intermediate,4
workouts__fast-shred-program__e53af2381e.html,Fast Shred Program: 4 Day Compound Set Workout Split,https://www.muscleandstrength.com/workouts/fast-shred-program,fully equipped gym,fat loss,split,both,intermediate,4
workouts__fat-loss-inferno-5-day-workout__1b511da3e0.html,Fat Loss Inferno: 5 Day Workout to Get Ripped,https://www.muscleandstrength.com/workouts/fat-loss-inferno-5-day-workout,fully equipped gym,fat loss,split,both,intermediate,5
workouts__field-manual-training-guide-limited-equipment__5c8518e064.html,Field Manual: A Training Guide For Those With Little Time & Equipment | Muscle & Strength,https://www.muscleandstrength.com/workouts/field-manual-training-guide-limited-equipment,home / small gym,muscle building,split,both,beginner,4
workouts__fight-to-be-fit-workout__0bd6d1f535.html,Fight to be Fit Training Program,https://www.muscleandstrength.com/workouts/fight-to-be-fit-workout,home / small gym,general fitness,full body,both,beginner,3
workouts__finishing-strong-ultimate-8-week-workout-for-advanced-lifters__f6eeafa84f.html,The Ultimate 8 Week Workout for Advanced Lifters,https://www.muscleandstrength.com/workouts/finishing-strong-ultimate-8-week-workout-for-advanced-lifters,fully equipped gym,muscle building,split,both,advanced,6
workouts__frankoman-2-day-intermediate-ab-routine.html__7ee96e7afa.html,Frankoman's 2 Day Intermediate Ab Workout | Muscle & Strength,https://www.muscleandstrength.com/workouts/frankoman-2-day-intermediate-ab-routine.html,home / small gym,muscle building,single muscle group,both,intermediate,2
workouts__frankoman-dumbbell-only-split.html__18cad00902.html,Frankoman's Dumbbell Only Split | Muscle & Strength,https://www.muscleandstrength.com/workouts/frankoman-dumbbell-only-split.html,home / small gym,muscle building,split,both,beginner,3
workouts__freshman-15-of-muscle-workout__549a38c769.html,The Freshman 15 of Muscle Workout Program,https://www.muscleandstrength.com/workouts/freshman-15-of-muscle-workout,fully equipped gym,muscle building,split,both,beginner,4
workouts__frog-plank-roll-ab-workout__12cbbc0eb9.html,"Frog, Plank And Roll Ab Workout | Muscle & Strength",https://www.muscleandstrength.com/workouts/frog-plank-roll-ab-workout,home / small gym,muscle building,split,both,beginner,3
workouts__full-body-blast-off-workout__3aae83e630.html,Full Body Blast Off Workout - The Best Full Body Routine,https://www.muscleandstrength.com/workouts/full-body-blast-off-workout,fully equipped gym,muscle building,full body,both,intermediate,7
workouts__full-body-bodyweight-workout.html__c174122661.html,Full Body Bodyweight Workout | Muscle & Strength,https://www.muscleandstrength.com/workouts/full-body-bodyweight-workout.html,body weight,muscle building,full body,both,beginner,1
workouts__full-body-kettlebell-circuit-workout__9426a51456.html,Full Body Kettlebell at Home (or Anywhere) Circuit Workout | Muscle & Strength,https://www.muscleandstrength.com/workouts/full-body-kettlebell-circuit-workout,home / small gym,general fitness,full body,both,beginner,3
workouts__full-body-shock-workout__c7e7be8fc8.html,Full Body Shock: An Intense Full Body Workout,https://www.muscleandstrength.com/workouts/full-body-shock-workout,fully equipped gym,muscle building,full body,both,intermediate,3
workouts__full-body-workout-program-for-tall-guys__bb3df565bc.html,Full Body Workout Program for Tall Guys,https://www.muscleandstrength.com/workouts/full-body-workout-program-for-tall-guys,fully equipped gym,muscle building,full body,both,beginner,3
workouts__gain-mass-fast-20-week-program__f421b95a48.html,How To Gain Mass Fast: 20 Week Quick Start Program | Muscle & Strength,https://www.muscleandstrength.com/workouts/gain-mass-fast-20-week-program,fully equipped gym,muscle building,full body,both,beginner,3
workouts__get-diced-12-week-fat-loss-routine__9371c1d080.html,Get Diced: 12 Week Fat Loss Workout Routine,https://www.muscleandstrength.com/workouts/get-diced-12-week-fat-loss-routine,fully equipped gym,fat loss,split,both,intermediate,6
workouts__get-ripped-3-day-split__18abb74ad1.html,Get RIPPED: 3 Day Workout Split Plus Cardio Routine,https://www.muscleandstrength.com/workouts/get-ripped-3-day-split,fully equipped gym,fat loss,split,both,intermediate,3
workouts__giant-set-workouts-hypertrophy__d72c4f3376.html,Conquering The Giant: Giant Set Workouts For Hypertrophy & Fat Loss | Muscle & Strength,https://www.muscleandstrength.com/workouts/giant-set-workouts-hypertrophy,home / small gym,muscle building,single muscle group,both,intermediate,3
workouts__gordon-lavelles-short-intense-bodybuilding-training-system.html__8c691bb274.html,Gordon LaVelle's Short And Intense Bodybuilding Training System | Muscle & Strength,https://www.muscleandstrength.com/workouts/gordon-lavelles-short-intense-bodybuilding-training-system.html,fully equipped gym,muscle building,split,both,beginner,4
workouts__great-glutes-3-butt-workouts__b5a11573fc.html,How To Develop Great Glutes: 3 Butt Workouts | Muscle & Strength,https://www.muscleandstrength.com/workouts/great-glutes-3-butt-workouts,fully equipped gym,muscle building,single muscle group,both,beginner,1
workouts__growing-strong-8-week-workout-for-intermediates__d358976e5c.html,Growing Strong: The Ultimate 8 Week Workout for Intermediates,https://www.muscleandstrength.com/workouts/growing-strong-8-week-workout-for-intermediates,fully equipped gym,muscle building,split,both,intermediate,4
workouts__growing-wings-a-julie-michaelson-back-workout.html__db97d88daa.html,Growing Wings: A Julie Michaelson Back Workout | Muscle & Strength,https://www.muscleandstrength.com/workouts/growing-wings-a-julie-michaelson-back-workout.html,fully equipped gym,muscle building,single muscle group,both,beginner,1
workouts__guns-a-blazing-workout__9e17f80a6b.html,"The ""Guns-A-Blazing"" Arm Training Workout Routine",https://www.muscleandstrength.com/workouts/guns-a-blazing-workout,fully equipped gym,muscle building,single muscle group,both,intermediate,2
workouts__guns-of-glory-workout__d85520ffc1.html,Guns of Glory: An Arm Training Workout Program,https://www.muscleandstrength.com/workouts/guns-of-glory-workout,home / small gym,muscle building,single muscle group,both,intermediate,1
workouts__hardcore-look-at-jim-wendlers-5-3-1-powerlifting-system.html__19d30d9225.html,A Hardcore Look At Wendler's 5/3/1 Powerlifting Routine | Muscle & Strength,https://www.muscleandstrength.com/workouts/hardcore-look-at-jim-wendlers-5-3-1-powerlifting-system.html,home / small gym,strength,split,both,intermediate,3
workouts__high-intensity-chest-blaster.html__426931de2a.html,High Intensity Chest Blaster | Muscle & Strength,https://www.muscleandstrength.com/workouts/high-intensity-chest-blaster.html,fully equipped gym,muscle building,single muscle group,both,intermediate,1
workouts__high-intensity-shoulder-blaster.html__5158f51ff3.html,High Intensity Shoulder Blaster Workout | Muscle & Strength,https://www.muscleandstrength.com/workouts/high-intensity-shoulder-blaster.html,fully equipped gym,muscle building,single muscle group,both,intermediate,1
workouts__hit-mass-3-day-split__3c09d35394.html,HIT MASS Program: 3 Day High Intensity Training Split,https://www.muscleandstrength.com/workouts/hit-mass-3-day-split,fully equipped gym,muscle building,split,both,beginner,3
workouts__hit-mass-4-5-day-splits__219bc68f78.html,HIT MASS: 4 & 5 Day High Intensity Training Splits,https://www.muscleandstrength.com/workouts/hit-mass-4-5-day-splits,fully equipped gym,muscle building,split,both,intermediate,5
workouts__hit-workout-high-intensity-training-routine__f2b9b6d34f.html,HIT Workout - Build Muscle With This High Intensity Training Routine | Muscle & Strength,https://www.muscleandstrength.com/workouts/hit-workout-high-intensity-training-routine,fully equipped gym,muscle building,full body,both,beginner,3
workouts__home-gym-barbell-workout-routine__e4f9e5d1f5.html,Home Or Gym Barbell Workout Routine | Muscle & Strength,https://www.muscleandstrength.com/workouts/home-gym-barbell-workout-routine,home / small gym,muscle building,split,both,beginner,4
workouts__how-to-build-dramatic-v-taper__bab2a683d5.html,"How to Develop a Dramatic V Taper: Tips, Tricks, and Results",https://www.muscleandstrength.com/workouts/how-to-build-dramatic-v-taper,fully equipped gym,muscle building,split,both,beginner,5
workouts__increase-your-wingspan-workout__8469c11463.html,The Perfect Back Workout to Increase Your Wingspan,https://www.muscleandstrength.com/workouts/increase-your-wingspan-workout,fully equipped gym,muscle building,single muscle group,both,advanced,1
workouts__increasing-intensity-circuit-abs-workout__9b12573eda.html,Increasing Intensity Circuit Abs Workout | Muscle & Strength,https://www.muscleandstrength.com/workouts/increasing-intensity-circuit-abs-workout,fully equipped gym,muscle building,single muscle group,both,intermediate,2
workouts__intense-chest-workout-for-women.html__a7b5b3bc7f.html,Intense Chest Workout For Women | Muscle & Strength,https://www.muscleandstrength.com/workouts/intense-chest-workout-for-women.html,fully equipped gym,muscle building,single muscle group,both,intermediate,1
workouts__intense-super-shred-40-minute-fat-blast__0aba7dae89.html,Intense Super Shred: 40 Minute Fat Blast Workout | Muscle & Strength,https://www.muscleandstrength.com/workouts/intense-super-shred-40-minute-fat-blast,home / small gym,fat loss,split,both,beginner,4
workouts__intermediate-muscle-building-workout.html__b169d3bbb8.html,Intermediate Muscle Building Workout | Muscle & Strength,https://www.muscleandstrength.com/workouts/intermediate-muscle-building-workout.html,fully equipped gym,muscle building,split,both,intermediate,5
workouts__jamal-browner-deadlift-program__ef5d665f41.html,"Jamal Browner’s 2-Day Deadlifting Program: Deadlift 1,000+ Lbs | Muscle & Strength",https://www.muscleandstrength.com/workouts/jamal-browner-deadlift-program,fully equipped gym,strength,single muscle group,both,intermediate,2
workouts__jason-blaha-ice-cream-fitness-5x5-novice-workout__278860e4fc.html,Jason Blaha's Ice Cream Fitness 5x5 Novice Program,https://www.muscleandstrength.com/workouts/jason-blaha-ice-cream-fitness-5x5-novice-workout,fully equipped gym,strength,full body,both,beginner,3
workouts__jason-blaha-intermediate-strength-program__9d746265eb.html,Jason Blaha's Off Season Linear Periodization Intermediate Strength Program #1 | Muscle & Strength,https://www.muscleandstrength.com/workouts/jason-blaha-intermediate-strength-program,home / small gym,strength,split,both,intermediate,4
workouts__jeremys-6-day-hardcore-strength-workout.html__b4dd06c003.html,Jeremy's 6 Day Hardcore Strength Workout | Muscle & Strength,https://www.muscleandstrength.com/workouts/jeremys-6-day-hardcore-strength-workout.html,home / small gym,strength,split,both,intermediate,6
workouts__joe-ohrablo-non-linear-periodization.html__3d9281fc7f.html,Joe Ohrablo's Non-Linear Periodization | Muscle & Strength,https://www.muscleandstrength.com/workouts/joe-ohrablo-non-linear-periodization.html,fully equipped gym,muscle building,split,both,intermediate,5
workouts__john-meadows-back-workout__95d0ee9ca0.html,"John Meadows: His Journey to the Arnold, Brand, & Back Workout",https://www.muscleandstrength.com/workouts/john-meadows-back-workout,fully equipped gym,muscle building,single muscle group,both,intermediate,1
workouts__kelsos-bench-training.html__aa2779e8a3.html,Kelso's Bench Press Training | Muscle & Strength,https://www.muscleandstrength.com/workouts/kelsos-bench-training.html,home / small gym,strength,single muscle group,both,intermediate,2
workouts__kettlebell-cardio-complex-smoke-fat-conditioning__8d7a3531d4.html,Kettlebell Cardio Complex To Smoke Fat And Improve Conditioning | Muscle & Strength,https://www.muscleandstrength.com/workouts/kettlebell-cardio-complex-smoke-fat-conditioning,home / small gym,fat loss,full body,both,beginner,3
workouts__kettlebell-dumbbell-hiit-workout__a6c6762b2c.html,"No Kettlebell, No Problem - Dumbbell HIIT Workout | Muscle & Strength",https://www.muscleandstrength.com/workouts/kettlebell-dumbbell-hiit-workout,home / small gym,fat loss,full body,both,beginner,2
workouts__king-calisthenics-workout-lean-muscle__0f1a2e81e9.html,King of Calisthenics Workout: Lean Muscle Without Equipment | Muscle & Strength,https://www.muscleandstrength.com/workouts/king-calisthenics-workout-lean-muscle,body weight,muscle building,full body,both,beginner,3
workouts__leg-carnage-quad-hamstring-workout__23cf4c80af.html,Leg Carnage: Superset Quad & Hamstring Workout | Muscle & Strength,https://www.muscleandstrength.com/workouts/leg-carnage-quad-hamstring-workout,fully equipped gym,muscle building,single muscle group,both,intermediate,1
workouts__legs-on-blast-workout__7a1b13045d.html,Legs On Blast Workout By MusclePharm | Muscle & Strength,https://www.muscleandstrength.com/workouts/legs-on-blast-workout,fully equipped gym,muscle building,single muscle group,both,beginner,1
workouts__limited-equipment-home-workout__db8a7c4a4b.html,5 Day Minimal Equipment Home Workout Routine | Muscle & Strength,https://www.muscleandstrength.com/workouts/limited-equipment-home-workout,home / small gym,fat loss,split,both,beginner,5
workouts__livin-lean-8-week-workout__323355ebca.html,Livin' Lean: 8 Week Kick-Starter Fat Loss Workout,https://www.muscleandstrength.com/workouts/livin-lean-8-week-workout,fully equipped gym,fat loss,split,both,beginner,4
workouts__lohilo-muscle-building-system__58b19112eb.html,The LOHILO Muscle Building System | Muscle & Strength,https://www.muscleandstrength.com/workouts/lohilo-muscle-building-system,fully equipped gym,muscle building,split,both,intermediate,6
workouts__low-rep-arm-shoulder-workout__7488f42459.html,Low Rep Arm And Shoulder Workout By MusclePharm | Muscle & Strength,https://www.muscleandstrength.com/workouts/low-rep-arm-shoulder-workout,home / small gym,muscle building,split,both,beginner,1
workouts__lsl-leg-day-workout__8b1cadbc4f.html,LSL Leg Day Workout: Your Toughest Leg Day Ever!,https://www.muscleandstrength.com/workouts/lsl-leg-day-workout,fully equipped gym,muscle building,single muscle group,both,intermediate,1
workouts__m-f-workout-routine__bfeba33fa9.html,M-F Workout Routine: 5 Day Body Part Split Workout,https://www.muscleandstrength.com/workouts/m-f-workout-routine,fully equipped gym,muscle building,split,both,intermediate,5
workouts__machines-only-3-day-split__0e079c7269.html,Machine Only Workout: A 3 Day Workout Split,https://www.muscleandstrength.com/workouts/machines-only-3-day-split,fully equipped gym,muscle building,split,both,beginner,3
workouts__massive-bench-press-16-week-block-training__b0607301c7.html,Massive Bench Press 16 Week Block Training Cycle | Muscle & Strength,https://www.muscleandstrength.com/workouts/massive-bench-press-16-week-block-training,home / small gym,strength,split,both,intermediate,4
workouts__matt-kroc-16-week-strength-program-diet__d37404f6fc.html,Matt Kroc's 16 Week Strength Program & Lean Gain Diet Plan | Muscle & Strength,https://www.muscleandstrength.com/workouts/matt-kroc-16-week-strength-program-diet,fully equipped gym,strength,split,both,beginner,4
workouts__maul-workout__9de6468247.html,Max Adaptation Upper Lower (MAUL) Workout,https://www.muscleandstrength.com/workouts/maul-workout,fully equipped gym,muscle building,split,both,beginner,5
workouts__max-fat-burning-workouts__468998a890.html,3 Fat Blasting Workouts for Maximum Fat Loss | Muscle & Strength,https://www.muscleandstrength.com/workouts/max-fat-burning-workouts,fully equipped gym,fat loss,full body,both,beginner,2
workouts__maximum-strength-workout.html__f72eba077a.html,Doug's 4 Day Split Maximum Strength Workout | Muscle & Strength,https://www.muscleandstrength.com/workouts/maximum-strength-workout.html,fully equipped gym,strength,split,both,intermediate,4
workouts__mft-training__3d1b4dc3f7.html,MFT Training: Boost Strength and Build Muscle Faster,https://www.muscleandstrength.com/workouts/mft-training,fully equipped gym,muscle building,full body,both,intermediate,3
workouts__mission-aesthetics-10-week-fat-loss-workout__7e0a7a9013.html,Mission: Aesthetics - 10 Week Defined & Shredded Workout,https://www.muscleandstrength.com/workouts/mission-aesthetics-10-week-fat-loss-workout,fully equipped gym,fat loss,split,both,intermediate,4
workouts__mix-methods-leg-workout__c2d98d4f04.html,Mix Of Methods Leg Workout By MusclePharm | Muscle & Strength,https://www.muscleandstrength.com/workouts/mix-methods-leg-workout,fully equipped gym,muscle building,single muscle group,both,intermediate,1
workouts__modified-westside-barbell-strength-workout.html__14fb752852.html,EKnight's Modified Westside Barbell Strength Workout | Muscle & Strength,https://www.muscleandstrength.com/workouts/modified-westside-barbell-strength-workout.html,fully equipped gym,strength,split,both,intermediate,4
workouts__monster-traps-workout.html__f55fdd8140.html,Monster Traps Workout | Muscle & Strength,https://www.muscleandstrength.com/workouts/monster-traps-workout.html,home / small gym,muscle building,single muscle group,both,intermediate,1
workouts__morning-workout-muscle-mass__f80ab9dd44.html,Best Morning Workout For Building Muscle Mass,https://www.muscleandstrength.com/workouts/morning-workout-muscle-mass,fully equipped gym,muscle building,full body,both,beginner,4
workouts__mountain-dog-ppl-workout__315ac84310.html,"Mountain Dog PPL: Push, Pull, Legs Workout Routine w/ John Meadows",https://www.muscleandstrength.com/workouts/mountain-dog-ppl-workout,fully equipped gym,muscle building,split,both,beginner,3
workouts__muscle-mania-10-week-muscle-growth-workout__9994f474cd.html,Muscle Mania: 10 Week Workout for Lean Gainz,https://www.muscleandstrength.com/workouts/muscle-mania-10-week-muscle-growth-workout,fully equipped gym,muscle building,split,both,advanced,6
workouts__muscle-mass-inflation__cc917c89e8.html,Muscle Mass Inflation: 8 Week Muscle Growth Workout | Muscle & Strength,https://www.muscleandstrength.com/workouts/muscle-mass-inflation,fully equipped gym,muscle building,split,both,beginner,4
workouts__muscle-rebound-workout__d21c9f6e84.html,"The ""Muscle Rebound"" Workout: 4 Day Strength Split Program",https://www.muscleandstrength.com/workouts/muscle-rebound-workout,fully equipped gym,muscle building,split,both,intermediate,4
workouts__muscle-strength-full-body-workout-routine__31cf84565d.html,Muscle & Strength Full Body Workout Routine | Muscle & Strength,https://www.muscleandstrength.com/workouts/muscle-strength-full-body-workout-routine,home / small gym,muscle building,full body,both,beginner,3
workouts__myers-glute-workout__74637a0ed3.html,Build the Best Glutes in Your Gym with These 3 Workouts,https://www.muscleandstrength.com/workouts/myers-glute-workout,fully equipped gym,fat loss,split,both,beginner,3
workouts__new-year-body-workout-guide-eating-plan__d115f30ee2.html,"New Year, New Body: Quick Start Workout Guide & Eating Plan | Muscle & Strength",https://www.muscleandstrength.com/workouts/new-year-body-workout-guide-eating-plan,home / small gym,muscle building,split,both,beginner,4
workouts__nick-wright-bodybuilding-workout-split__25b9a906d6.html,Nick Wright NWB Power Training Workout Split | Muscle & Strength,https://www.muscleandstrength.com/workouts/nick-wright-bodybuilding-workout-split,fully equipped gym,strength,split,both,intermediate,4
workouts__no-excuses-hardcore-bodyweight-dumbbell-training__5570e905e9.html,"3 ""No Excuses"" Hardcore Limited Equipment Workouts | Muscle & Strength",https://www.muscleandstrength.com/workouts/no-excuses-hardcore-bodyweight-dumbbell-training,home / small gym,muscle building,split,both,beginner,5
workouts__no-juice-bodybuilding-workout-routine__31d0964b87.html,“No Juice” Advanced Bodybuilding Workout Routine | Muscle & Strength,https://www.muscleandstrength.com/workouts/no-juice-bodybuilding-workout-routine,fully equipped gym,muscle building,split,both,advanced,6
workouts__off-season-bodybuilding-workout-to-build-muscle__a2b10756f8.html,Off-Season Bodybuilding Workout to Build Muscle,https://www.muscleandstrength.com/workouts/off-season-bodybuilding-workout-to-build-muscle,fully equipped gym,muscle building,split,both,advanced,5
workouts__old-school-gains__9cc41e5e23.html,Old School Gains: Build Muscle Like an Iron-Game Legend,https://www.muscleandstrength.com/workouts/old-school-gains,fully equipped gym,muscle building,split,both,intermediate,6
workouts__old-school-series-1970s-bodybuilding-routine__b7874feb24.html,Old School Series: 1970s Bodybuilding Routine | Muscle & Strength,https://www.muscleandstrength.com/workouts/old-school-series-1970s-bodybuilding-routine,fully equipped gym,muscle building,split,both,intermediate,6
workouts__ovw-workout__5be9d6f5a9.html,The Optimized Volume Workout (O.V.W) Program,https://www.muscleandstrength.com/workouts/ovw-workout,fully equipped gym,muscle building,split,both,beginner,4
workouts__pause-reps__393797d951.html,Pause Rep Workout Program for Serious Strength Gains,https://www.muscleandstrength.com/workouts/pause-reps,fully equipped gym,muscle building,split,both,beginner,3
workouts__perfect-workout-for-shoulders__c291c24556.html,The Perfect Workout for Rock Solid Shoulders,https://www.muscleandstrength.com/workouts/perfect-workout-for-shoulders,fully equipped gym,muscle building,single muscle group,both,intermediate,1
workouts__phase-training-pt-2-size-building__f3bb1b072f.html,Phase Training Pt. 2: 5 Week Workout to Build Muscle Size,https://www.muscleandstrength.com/workouts/phase-training-pt-2-size-building,fully equipped gym,muscle building,split,both,beginner,4
workouts__phd-4-rj-perkins-power-hyper-deload-training.html__c73f8bb2fd.html,PHD 4 - RJ Perkin's Power Hyper Deload Training | Muscle & Strength,https://www.muscleandstrength.com/workouts/phd-4-rj-perkins-power-hyper-deload-training.html,fully equipped gym,muscle building,single muscle group,both,intermediate,5
workouts__phil-health-high-frequency-leg-workout__9aa27aed7b.html,Mr. Olympia Phil Heath's High Frequency Leg Workout | Muscle & Strength,https://www.muscleandstrength.com/workouts/phil-health-high-frequency-leg-workout,fully equipped gym,muscle building,single muscle group,both,intermediate,2
workouts__phul-workout__c686df0c63.html,Power Hypertrophy Upper Lower (P.H.U.L.) Workout | Muscle & Strength,https://www.muscleandstrength.com/workouts/phul-workout,fully equipped gym,muscle building,split,both,intermediate,4
workouts__playground-workouts__c4aae1ce4f.html,Playground Workouts: Having Fun While Building the Body You Want,https://www.muscleandstrength.com/workouts/playground-workouts,body weight,fat loss,split,both,beginner,3
workouts__power-8-workout-3-day-split__d5dfa08c82.html,Power 8 Muscle Building Workout – 3 Day Split | Muscle & Strength,https://www.muscleandstrength.com/workouts/power-8-workout-3-day-split,fully equipped gym,muscle building,split,both,intermediate,3
workouts__power-muscle-burn-bicep-workout.html__86a0e5b549.html,Power Muscle Burn Bicep Workout | Muscle & Strength,https://www.muscleandstrength.com/workouts/power-muscle-burn-bicep-workout.html,home / small gym,muscle building,single muscle group,both,intermediate,1
workouts__power-muscle-burn-leg-workout.html__7a2772fafe.html,Power Muscle Burn Leg Workout | Muscle & Strength,https://www.muscleandstrength.com/workouts/power-muscle-burn-leg-workout.html,fully equipped gym,muscle building,single muscle group,both,intermediate,2
workouts__power-muscle-burn-tricep-workout.html__9ee6fa39a6.html,Power Muscle Burn Tricep Workout | Muscle & Strength,https://www.muscleandstrength.com/workouts/power-muscle-burn-tricep-workout.html,fully equipped gym,muscle building,single muscle group,both,intermediate,1
workouts__power-physique-8-week-program__c4ab697c60.html,8 Week Power Physique Workout | Muscle & Strength,https://www.muscleandstrength.com/workouts/power-physique-8-week-program,fully equipped gym,strength,split,both,beginner,4
workouts__power-training-workout-for-increased-athletic-performance__75f8d16ba1.html,Power Training Workout for Increased Athletic Performance,https://www.muscleandstrength.com/workouts/power-training-workout-for-increased-athletic-performance,home / small gym,general fitness,full body,both,beginner,3
workouts__powerlifting-workout.html__485a3dc2a0.html,100% Powerlifting Workout | Muscle & Strength,https://www.muscleandstrength.com/workouts/powerlifting-workout.html,fully equipped gym,strength,split,both,intermediate,4
workouts__project-wheels-hybrid-program-for-leg-size-strength__768b9ee2ab.html,Project WHEELS: The Ultimate Hybrid Program for Leg Size and Strength | Muscle & Strength,https://www.muscleandstrength.com/workouts/project-wheels-hybrid-program-for-leg-size-strength,fully equipped gym,muscle building,single muscle group,both,intermediate,5
workouts__punisher-better-body-muscle-building-workout__a41d07a002.html,The Punisher: A Relentless Better Body Workout | Muscle & Strength,https://www.muscleandstrength.com/workouts/punisher-better-body-muscle-building-workout,home / small gym,muscle building,full body,both,intermediate,3
workouts__punisher-workout-vol-ii__0d770ba307.html,The Punisher Vol. II: A Full Body Fat Burning Workout,https://www.muscleandstrength.com/workouts/punisher-workout-vol-ii,home / small gym,muscle building,full body,both,intermediate,2
workouts__push-pull-legs-ppl-workout-for-tall-guys__cd9c9e7554.html,Push/Pull/Legs (PPL) Workout Routine for Tall Guys,https://www.muscleandstrength.com/workouts/push-pull-legs-ppl-workout-for-tall-guys,fully equipped gym,muscle building,split,both,intermediate,6
workouts__pyramid-volume-training.html__710187821e.html,Pyramid Volume Training | Muscle & Strength,https://www.muscleandstrength.com/workouts/pyramid-volume-training.html,fully equipped gym,muscle building,single muscle group,both,intermediate,4
workouts__quad-destroyer-squat-workout__f89cf11e39.html,Quad Destroyer: 10 Sets Of Squats Workout | Muscle & Strength,https://www.muscleandstrength.com/workouts/quad-destroyer-squat-workout,fully equipped gym,muscle building,single muscle group,both,intermediate,1
workouts__quarter-rep-method__de8f0214f0.html,Build Your Lagging Chest with the 1/4 Rep Pump Out Method,https://www.muscleandstrength.com/workouts/quarter-rep-method,home / small gym,muscle building,single muscle group,both,intermediate,1
workouts__real-results-pull-squat-press-fullbody-workout.html__436592e171.html,"Real Results Pull, Squat, Press Fullbody Workout | Muscle & Strength",https://www.muscleandstrength.com/workouts/real-results-pull-squat-press-fullbody-workout.html,home / small gym,muscle building,full body,both,beginner,3
workouts__recommit-to-fit-2-week-plan__847f351567.html,2-Week Workout Plan to Jumpstart Your Return to the Gym | Muscle & Strength,https://www.muscleandstrength.com/workouts/recommit-to-fit-2-week-plan,fully equipped gym,general fitness,full body,both,beginner,4
workouts__reg-park-beginner-workout.html__ff05acb387.html,Reg Park Beginner Workout | Muscle & Strength,https://www.muscleandstrength.com/workouts/reg-park-beginner-workout.html,home / small gym,muscle building,full body,both,beginner,3
workouts__return-to-ripped__258cfb8a7b.html,Return to Ripped: 6 Week Fat Loss Workout Program | Muscle & Strength,https://www.muscleandstrength.com/workouts/return-to-ripped,fully equipped gym,fat loss,split,both,intermediate,4
workouts__ripped-freak-training-program__f51001412f.html,The Ripped Freak Training Program | Muscle & Strength,https://www.muscleandstrength.com/workouts/ripped-freak-training-program,fully equipped gym,muscle building,full body,both,intermediate,5
workouts__rippetoe-wichita-falls-novice-program.html__0161f632fc.html,Rippetoe Wichita Falls Novice Program | Muscle & Strength,https://www.muscleandstrength.com/workouts/rippetoe-wichita-falls-novice-program.html,home / small gym,strength,full body,both,beginner,3
workouts__roger-lockridge-superset-back-workout__55a02677bf.html,Roger Lockridge's Intense 4 Week Superset Back Workout | Muscle & Strength,https://www.muscleandstrength.com/workouts/roger-lockridge-superset-back-workout,fully equipped gym,muscle building,single muscle group,both,intermediate,1
workouts__rp-21-glute-workout-program__21d18ffcb1.html,RP-21 Glute Building Workout Program,https://www.muscleandstrength.com/workouts/rp-21-glute-workout-program,fully equipped gym,muscle building,single muscle group,both,intermediate,1
workouts__run-the-rack-chest-workout__ddf3b31de4.html,Run The Rack Chest Workout | Muscle & Strength,https://www.muscleandstrength.com/workouts/run-the-rack-chest-workout,fully equipped gym,muscle building,single muscle group,both,intermediate,1
workouts__scott-herman-german-volume-training-upper-lower-workout__1cb37c6671.html,Scott Herman’s German Volume Training Upper/Lower Workout,https://www.muscleandstrength.com/workouts/scott-herman-german-volume-training-upper-lower-workout,fully equipped gym,muscle building,split,both,advanced,4
workouts__scrutiny-low-volume-high-intensity-workout-mass-strength.html__3f36894d09.html,Scrutiny's Low Volume High Intensity Workout For Mass And Strength | Muscle & Strength,https://www.muscleandstrength.com/workouts/scrutiny-low-volume-high-intensity-workout-mass-strength.html,fully equipped gym,muscle building,split,both,intermediate,3
workouts__scrutinys-4-day-muscle-building-split.html__3b9f1c32ad.html,Scrutiny's 4 Day Muscle Building Split | Muscle & Strength,https://www.muscleandstrength.com/workouts/scrutinys-4-day-muscle-building-split.html,fully equipped gym,muscle building,split,both,intermediate,4
workouts__sculpted-strength-bodybuilding-program__ab90f39c6b.html,Sculpted Strength: The Ultimate 12 Week Bodybuilding Program | Muscle & Strength,https://www.muscleandstrength.com/workouts/sculpted-strength-bodybuilding-program,fully equipped gym,muscle building,single muscle group,both,intermediate,6
workouts__sean-sullivans-back-specialization-workout.html__4bfb9b23a5.html,Sean Sullivan's Back Specialization Workout | Muscle & Strength,https://www.muscleandstrength.com/workouts/sean-sullivans-back-specialization-workout.html,fully equipped gym,muscle building,split,both,intermediate,5
workouts__sean-sullivans-power-base-workout.html__b632e08764.html,Sean Sullivan's Power Base Workout | Muscle & Strength,https://www.muscleandstrength.com/workouts/sean-sullivans-power-base-workout.html,fully equipped gym,muscle building,split,both,intermediate,4
workouts__september-starter-beginner-workout__48821f9931.html,September Starter Workout: 4 Week Beginner Workout Routine,https://www.muscleandstrength.com/workouts/september-starter-beginner-workout,fully equipped gym,muscle building,split,both,beginner,4
workouts__serious-biceps-triceps-muscle-routine__d7b478270f.html,Get Serious Arm-Size With This Biceps & Triceps Workout,https://www.muscleandstrength.com/workouts/serious-biceps-triceps-muscle-routine,fully equipped gym,muscle building,single muscle group,both,beginner,1
workouts__shaun--s-3-day-muscle-building-split.html__67c3574fec.html,Shaun's 3 Day Muscle Building Split Workout | Muscle & Strength,https://www.muscleandstrength.com/workouts/shaun--s-3-day-muscle-building-split.html,fully equipped gym,muscle building,split,both,intermediate,3
workouts__shauns-30-minute-workout-split.html__12ca725b51.html,Shaun's 30 Minute Workout Split Routine | Muscle & Strength,https://www.muscleandstrength.com/workouts/shauns-30-minute-workout-split.html,fully equipped gym,muscle building,split,both,intermediate,5
workouts__shauns-4-day-muscle-building-split-routine.html__f3da78023e.html,Shaun's 4 Day Muscle Building Split Routine | Muscle & Strength,https://www.muscleandstrength.com/workouts/shauns-4-day-muscle-building-split-routine.html,fully equipped gym,muscle building,split,both,intermediate,4
workouts__shauns-4-day-progressive-overload-split.html__51e96a87f7.html,Shaun's 4 Day Progressive Overload Split | Muscle & Strength,https://www.muscleandstrength.com/workouts/shauns-4-day-progressive-overload-split.html,fully equipped gym,muscle building,split,both,intermediate,4
workouts__shredded-21-day-fat-loss__f32d118c33.html,Get Shredded For The New Year: 21-Day Fat Loss Workout,https://www.muscleandstrength.com/workouts/shredded-21-day-fat-loss,fully equipped gym,fat loss,full body,both,beginner,7
workouts__shul-workout__62be865b37.html,Modified Strength Hypertrophy Upper Lower (S.H.U.L) Workout,https://www.muscleandstrength.com/workouts/shul-workout,fully equipped gym,muscle building,split,both,intermediate,4
workouts__single-pair-dumbbell-bodyweight-workout__b73419662b.html,4 Day Dumbbell and Bodyweight Fat Loss Workout | Muscle & Strength,https://www.muscleandstrength.com/workouts/single-pair-dumbbell-bodyweight-workout,body weight,fat loss,split,both,beginner,4
workouts__spring-fat-melter__834dbbf28b.html,Spring Fat Melter: 6 Week Fat Loss Workout | Muscle & Strength,https://www.muscleandstrength.com/workouts/spring-fat-melter,fully equipped gym,fat loss,split,both,beginner,3
workouts__spring-shred-starter-workout__1e132ca819.html,Spring Shred Starter Workout: Full Body Workouts + Cardio,https://www.muscleandstrength.com/workouts/spring-shred-starter-workout,fully equipped gym,fat loss,full body,both,beginner,3
workouts__squat-workout-improved-size-strength__cbfd6b1f3a.html,2 Day Squat Workout For Improved Size & Strength | Muscle & Strength,https://www.muscleandstrength.com/workouts/squat-workout-improved-size-strength,fully equipped gym,muscle building,split,both,intermediate,2
workouts__start-from-scratch-beginner-workout__2c63e94a89.html,Start from Scratch: 6 Week Complete Beginner Program,https://www.muscleandstrength.com/workouts/start-from-scratch-beginner-workout,fully equipped gym,muscle building,split,both,beginner,4
workouts__start-from-scratch-phase-2__1b52263790.html,Phase 2 of the Complete Beginner's Program,https://www.muscleandstrength.com/workouts/start-from-scratch-phase-2,fully equipped gym,muscle building,split,both,beginner,3
workouts__starting-strong-8-week-workout-for-beginners__60c2a965d3.html,Starting Strong: The Ultimate 8 Week Workout for Beginners,https://www.muscleandstrength.com/workouts/starting-strong-8-week-workout-for-beginners,fully equipped gym,muscle building,full body,both,beginner,3
workouts__stephanies-circuit-style-fat-burning-workout.html__4e5ef6c540.html,Stephanie's Circuit Style Fat Burning Workout | Muscle & Strength,https://www.muscleandstrength.com/workouts/stephanies-circuit-style-fat-burning-workout.html,home / small gym,fat loss,full body,both,beginner,2
workouts__steves-density-and-strength-4-day-split.html__6d5fa53a32.html,Density & Strength: 4-Day Powerbuilding Split | Muscle & Strength,https://www.muscleandstrength.com/workouts/steves-density-and-strength-4-day-split.html,fully equipped gym,muscle building,split,both,intermediate,4
workouts__steves-titanic-tricep-builder-workout.html__f7adc80318.html,Steve's Titanic Tricep Builder Workout | Muscle & Strength,https://www.muscleandstrength.com/workouts/steves-titanic-tricep-builder-workout.html,home / small gym,muscle building,single muscle group,both,beginner,1
workouts__stronger-together-parent-teen-workout__65bbcbd6cd.html,Stronger Together: 8-Week Parent & Teen Workout Program | Muscle & Strength,https://www.muscleandstrength.com/workouts/stronger-together-parent-teen-workout,fully equipped gym,muscle building,split,both,beginner,4
workouts__summer-burn-12-week-fat-melting-workout__1e3ae1a61a.html,Summer Burn: 12 Week Fat Melting Workout,https://www.muscleandstrength.com/workouts/summer-burn-12-week-fat-melting-workout,fully equipped gym,fat loss,split,both,intermediate,4
workouts__summer-strength-4-day-strength-split__15d4506a96.html,Summer Strength: 4 Day Strength Building Workout Split,https://www.muscleandstrength.com/workouts/summer-strength-4-day-strength-split,home / small gym,muscle building,split,both,intermediate,4
workouts__super-shoulder-striations-workout__9526be73e4.html,Super Shoulder Striations: Get Ripped Shoulders with this Workout,https://www.muscleandstrength.com/workouts/super-shoulder-striations-workout,fully equipped gym,muscle building,single muscle group,both,intermediate,1
workouts__superset-triset-chest-back-workout__42c33f8bc3.html,Superset & Triset Chest And Back Workout By MusclePharm | Muscle & Strength,https://www.muscleandstrength.com/workouts/superset-triset-chest-back-workout,fully equipped gym,muscle building,single muscle group,both,intermediate,1
workouts__sweatshirt-swole-program__2403b16fe5.html,Sweatshirt Swole: The Ultimate Bulking Workout Plan,https://www.muscleandstrength.com/workouts/sweatshirt-swole-program,fully equipped gym,muscle building,split,both,intermediate,4
workouts__swole-factory-athletic-muscle-workout__2ed761773f.html,Swole Factory: 6 Week Athletic Lean Muscle Workout,https://www.muscleandstrength.com/workouts/swole-factory-athletic-muscle-workout,home / small gym,general fitness,full body,both,beginner,3
workouts__swolevember-bulkers-dream-workout__b4d8cc8e1a.html,SWOLEvember: 4 Week Bulker's Dream Workout,https://www.muscleandstrength.com/workouts/swolevember-bulkers-dream-workout,fully equipped gym,muscle building,split,both,intermediate,5
workouts__tactical-physique-strength-conditioning-workout__0c16a8477d.html,The Tactical Physique: A Functional Strength Training & Conditioning Workout | Muscle & Strength,https://www.muscleandstrength.com/workouts/tactical-physique-strength-conditioning-workout,home / small gym,general fitness,split,both,intermediate,4
workouts__tailgates-and-touchdowns-workout__623ca6b069.html,The Super Fan Workout: Look Like a Pro in Your Jersey,https://www.muscleandstrength.com/workouts/tailgates-and-touchdowns-workout,fully equipped gym,muscle building,split,both,intermediate,5
workouts__tank-top-workout__4c03c5db9d.html,Tank Top Workout: 4 Day Muscle Building Split,https://www.muscleandstrength.com/workouts/tank-top-workout,fully equipped gym,muscle building,split,both,intermediate,4
workouts__the-bear-barbell-complex.html__bd73d4f67d.html,The Bear Barbell Complex | Muscle & Strength,https://www.muscleandstrength.com/workouts/the-bear-barbell-complex.html,home / small gym,general fitness,full body,both,intermediate,3
workouts__the-best-upper-body-workout-routine__2419e625c2.html,The Best Upper Body Workout Routine,https://www.muscleandstrength.com/workouts/the-best-upper-body-workout-routine,fully equipped gym,muscle building,split,both,beginner,4
workouts__the-body-fat-beat-down__3d31229a21.html,The Body Fat Beat Down: 10 Week Fat Loss Workout Routine,https://www.muscleandstrength.com/workouts/the-body-fat-beat-down,fully equipped gym,fat loss,split,both,beginner,4
workouts__the-butt-builder.html__f2cc4ae84d.html,The Butt Builder Workout: Women's Workout For Bigger Glutes | Muscle & Strength,https://www.muscleandstrength.com/workouts/the-butt-builder.html,fully equipped gym,muscle building,single muscle group,both,beginner,1
workouts__the-cardio-free-fat-burning-workout-program__80c5a6740e.html,The Cardio-Free Fat Burning Workout Program,https://www.muscleandstrength.com/workouts/the-cardio-free-fat-burning-workout-program,fully equipped gym,fat loss,full body,both,intermediate,4
workouts__the-complete-squat-program__d06cda630d.html,The Complete Squat Program: Build Strength & Muscle in 8 Weeks | Muscle & Strength,https://www.muscleandstrength.com/workouts/the-complete-squat-program,fully equipped gym,strength,split,both,beginner,4
workouts__the-leg-gauntlet-by-stephanie-foley.html__17683935fc.html,The Leg Gauntlet By Stephanie Foley | Muscle & Strength,https://www.muscleandstrength.com/workouts/the-leg-gauntlet-by-stephanie-foley.html,fully equipped gym,muscle building,single muscle group,both,intermediate,1
workouts__the-metabolic-circuit.html__107476eb63.html,The Metabolic Circuit | Muscle & Strength,https://www.muscleandstrength.com/workouts/the-metabolic-circuit.html,home / small gym,fat loss,full body,both,intermediate,3
workouts__the-power-pump-routine__941faf6be8.html,The Power Pump Routine | Muscle & Strength,https://www.muscleandstrength.com/workouts/the-power-pump-routine,fully equipped gym,muscle building,split,both,intermediate,3
workouts__the-super-toning-training-routine.html__57f3da9c17.html,The Super Toning Training Routine | Muscle & Strength,https://www.muscleandstrength.com/workouts/the-super-toning-training-routine.html,fully equipped gym,muscle building,split,both,intermediate,5
workouts__the-ultimate-bro-split__017d77136b.html,The Ultimate Bro Split: 12 Weeks to MASS,https://www.muscleandstrength.com/workouts/the-ultimate-bro-split,fully equipped gym,muscle building,split,both,intermediate,5
workouts__three-30-minute-fat-burning-workouts__f4ed7ed804.html,Three 30 Minute Fat Burning Weekly Workouts,https://www.muscleandstrength.com/workouts/three-30-minute-fat-burning-workouts,fully equipped gym,fat loss,full body,both,beginner,3
workouts__total-body-torcher__38caf7ae00.html,Total Body Torcher: 8 Week Full Body Fat Loss Workout | Muscle & Strength,https://www.muscleandstrength.com/workouts/total-body-torcher,home / small gym,fat loss,full body,both,beginner,3
workouts__total-package-workout__3bc37ed96a.html,The Total Package: A Full Body Strength & Hypertrophy Workout,https://www.muscleandstrength.com/workouts/total-package-workout,fully equipped gym,muscle building,full body,both,intermediate,3
workouts__training-older-athlete__c0c02d3a06.html,Training for the Older Athlete: Making Gains After 40,https://www.muscleandstrength.com/workouts/training-older-athlete,fully equipped gym,muscle building,split,both,beginner,4
workouts__troys-3-day-maintenance-workout.html__6a9eb77424.html,Troy's 3 Day Maintenance Workout | Muscle & Strength,https://www.muscleandstrength.com/workouts/troys-3-day-maintenance-workout.html,fully equipped gym,muscle building,split,both,intermediate,3
workouts__tut-workout-program__442723d2e7.html,TUT Workout: A Muscle Building Workout Split,https://www.muscleandstrength.com/workouts/tut-workout-program,fully equipped gym,muscle building,split,both,advanced,4
workouts__ultimate-bench-press-workout__1f04eb7c18.html,Ultimate Bench Press Workout: Increase Strength And Chest Size,https://www.muscleandstrength.com/workouts/ultimate-bench-press-workout,fully equipped gym,muscle building,single muscle group,both,beginner,1
workouts__upper-lower-4-day-gym-bodybuilding-workout__8b62950430.html,Upper/Lower 4 Day Bodybuilding Workout | Muscle & Strength,https://www.muscleandstrength.com/workouts/upper-lower-4-day-gym-bodybuilding-workout,fully equipped gym,muscle building,split,both,beginner,4
workouts__upper-lower-bodyweight-split__d21f791d31.html,4 Day Upper/Lower Bodyweight Split Workout | Muscle & Strength,https://www.muscleandstrength.com/workouts/upper-lower-bodyweight-split,home / small gym,general fitness,split,both,beginner,4
workouts__upper-lower-kettlebell-workout__235698a304.html,Upper/Lower (At Home) Kettlebell Workout,https://www.muscleandstrength.com/workouts/upper-lower-kettlebell-workout,home / small gym,muscle building,split,both,beginner,4
workouts__upper-lower-workout-for-tall-guys__7fbe5fef24.html,Upper/Lower Workout Routine for Tall Guys,https://www.muscleandstrength.com/workouts/upper-lower-workout-for-tall-guys,fully equipped gym,muscle building,split,both,intermediate,4
workouts__vcs-volume-cluster-strength-back-workout__901e4d41b1.html,"VCS 3 Stage Back Workout - Volume, Cluster & Strength Training | Muscle & Strength",https://www.muscleandstrength.com/workouts/vcs-volume-cluster-strength-back-workout,fully equipped gym,muscle building,single muscle group,both,intermediate,1
workouts__warrior-elite-workout-program__010e8913f3.html,The Warrior Elite Workout Program,https://www.muscleandstrength.com/workouts/warrior-elite-workout-program,fully equipped gym,muscle building,split,both,advanced,5
workouts__weekend-warrior__cd0dc242a7.html,The Weekend Warrior Workout,https://www.muscleandstrength.com/workouts/weekend-warrior,home / small gym,muscle building,full body,both,beginner,3
workouts__whitney-reid-fast-21-program__28fe454aba.html,Fast 21 Workout: 3 Weeks To A Lean & Shredded Physique,https://www.muscleandstrength.com/workouts/whitney-reid-fast-21-program,fully equipped gym,muscle building,split,both,intermediate,6
workouts__wild-20-powerbuilding-workout__e47e6610de.html,"Wild 20 Powerbuilding Workout: Get Crazy, Get Big & Strong | Muscle & Strength",https://www.muscleandstrength.com/workouts/wild-20-powerbuilding-workout,fully equipped gym,muscle building,split,both,intermediate,4
workouts__workout-program-for-tall-guys__1fce6d218b.html,Muscle Building Workout Program for Tall Guys and Gals,https://www.muscleandstrength.com/workouts/workout-program-for-tall-guys,fully equipped gym,muscle building,split,both,intermediate,5
workouts__workout-program-to-get-huge__978b9f990a.html,12 Week Workout Program to Get Huge,https://www.muscleandstrength.com/workouts/workout-program-to-get-huge,fully equipped gym,muscle building,split,both,intermediate,4
